,symbol,company,sector,price,price_per_earnings,dividend_yield,earnings_per_share,52_week_low,52_week_high,market_cap,esg_rating
0,MMM,3M Company,Industrials,222.89,24.31,2.3328617,7.92,259.77,175.49,138721000000.0,34.9
1,AOS,A.O. Smith Corp,Industrials,60.24,27.76,1.1479591999999998,1.7,68.39,48.925,10783419933.0,32.6
2,ABT,Abbott Laboratories,Health Care,56.27,22.51,1.9089824,0.26,64.6,42.28,102121000000.0,29.8
3,ABBV,AbbVie Inc.,Health Care,108.48,19.41,2.4995599,3.29,125.86,60.05,181386000000.0,29.1
4,ACN,Accenture plc,Information Technology,150.51,25.47,1.7144699,5.44,162.6,114.82,98765855553.0,11.3
5,ATVI,Activision Blizzard,Information Technology,65.83,31.8,0.43190324,1.28,74.945,38.93,52518668144.0,17.0
6,AYI,Acuity Brands Inc,Industrials,145.41,18.22,0.35118526,7.43,225.36,142.0,6242377704.0,25.8
7,ADBE,Adobe Systems Inc,Information Technology,185.16,52.31,0.0,3.39,204.45,114.45100000000001,94550214268.0,10.9
8,AAP,Advance Auto Parts,Consumer Discretionary,109.63,19.54,0.21832074,6.19,169.55,78.81,8123611867.0,12.4
9,AMD,Advanced Micro Devices Inc,Information Technology,11.22,187.0,0.0,0.03,15.65,9.7,11191663795.0,18.1
10,AES,AES Corp,Utilities,10.06,9.96,4.961832,-1.72,12.05,10.0,6920851212.0,33.2
12,AMG,Affiliated Managers Group Inc,Financials,179.11,12.24,0.6387395,12.07,216.995,148.81,10442174371.0,24.0
13,AFL,AFLAC Inc,Financials,83.25,12.24,2.4299066000000002,11.01,91.73,68.8,33422948000.0,23.6
14,A,Agilent Technologies Inc,Health Care,65.05,27.45,0.8756978999999999,2.1,75.0,49.23,21984606918.0,16.6
15,APD,Air Products & Chemicals Inc,Materials,152.8,24.22,2.7811136000000003,13.66,175.17,133.6301,34638387128.0,11.2
16,AKAM,Akamai Technologies Inc,Information Technology,62.49,32.55,0.0,1.79,69.56,44.65,10906904066.0,21.3
17,ALK,Alaska Air Group Inc,Industrials,64.04,9.66,1.9928383,8.28,101.43,59.25,7903173734.0,25.9
18,ALB,Albemarle Corp,Materials,105.18,26.03,1.2004126,5.66,144.99,90.35,11782151266.0,36.7
19,ARE,Alexandria Real Estate Equities Inc,Real Estate,114.58,19.03,3.0262272,1.57,134.37,106.89,12043374429.0,15.3
20,ALXN,Alexion Pharmaceuticals,Health Care,108.47,22.18,0.0,1.77,149.34,96.18,26172439795.0,18.9
21,ALGN,Align Technology,Health Care,220.71,56.59,0.0,2.84,287.32,92.61,18788041378.0,20.5
22,ALLE,Allegion,Industrials,77.32,21.07,0.8004001999999999,2.37,89.81,66.72,7599609494.0,23.6
23,AGN,"Allergan, Plc",Health Care,164.2,10.65,1.643289,38.35,256.8,160.07,56668833898.0,18.6
24,ADS,Alliance Data Systems,Information Technology,240.6,13.02,0.9240122,14.13,278.33,209.0,13632608582.0,16.7
25,LNT,Alliant Energy Corp,Utilities,37.14,19.86,3.5733333,1.65,45.55,36.84,8670163500.0,28.4
26,ALL,Allstate Corp,Financials,90.06,13.26,1.5278208,4.68,105.36,77.73,34759468905.0,22.8
27,GOOGL,Alphabet Inc Class A,Information Technology,1007.71,31.48,0.0,22.27,1198.0,824.3,733824000000.0,22.8
29,MO,Altria Group Inc,Consumer Staples,64.05,18.89,3.9526875,5.31,77.79,60.01,126985000000.0,25.1
30,AMZN,Amazon.com Inc,Consumer Discretionary,1350.5,296.16,0.0,6.16,1498.0,812.5,685873000000.0,27.4
31,AEE,Ameren Corp,Utilities,52.59,20.38,3.4404964,2.68,64.89,51.81,12905744906.0,34.1
32,AAL,American Airlines Group,Industrials,48.6,9.92,0.7782101,3.91,59.08,39.21,24594852352.0,30.6
33,AEP,American Electric Power,Utilities,63.38,17.32,3.8479443,1.24,78.07,62.69,31701916517.0,34.4
34,AXP,American Express Co,Financials,88.34,15.0,1.4955667,2.9,102.385,75.51,80410990000.0,19.8
35,AIG,"American International Group, Inc.",Financials,58.28,23.22,2.1167521000000002,-0.76,67.3,57.85,54360073164.0,30.8
36,AMT,American Tower Corp A,Real Estate,133.57,20.68,2.0,1.97,155.28,103.36,59213892640.0,18.1
37,AWK,American Water Works Company Inc,Utilities,76.06,26.23,2.129297,2.63,92.37,71.89,13906146184.0,29.0
38,AMP,Ameriprise Financial,Financials,152.5,12.41,2.0735743,9.44,183.9,118.84,23472126000.0,25.8
39,ABC,AmerisourceBergen Corp,Health Care,91.55,15.54,1.6132456,1.64,106.27,71.9,20587704101.0,12.9
40,AME,AMETEK Inc,Industrials,72.05,27.61,0.75512403,2.94,78.51,51.31,17139651923.0,29.3
41,AMGN,Amgen Inc,Health Care,173.12,13.76,2.9751507999999998,2.57,201.23,152.16,128133000000.0,20.5
42,APH,Amphenol Corp,Information Technology,84.44,25.9,0.8608971,2.05,93.62,67.26,26955335395.0,23.7
44,ADI,"Analog Devices, Inc.",Information Technology,82.68,17.67,2.108963,2.11,98.38,74.65,31811578855.0,26.2
46,ANSS,ANSYS,Information Technology,148.84,42.53,0.0,2.99,164.9,94.52,13155919129.0,14.9
47,ANTM,Anthem Inc.,Health Care,230.57,19.23,1.2581781,14.36,267.95,156.81,61221978627.0,13.3
48,AON,Aon plc,Financials,136.05,20.8,1.0245464,4.66,152.78,113.2201,35123123422.0,19.1
49,APA,Apache Corporation,Energy,37.73,-251.53,2.528445,-3.72,57.9,38.14,15066280977.0,39.2
50,AIV,Apartment Investment & Management,Real Estate,38.21,15.6,3.8765620000000003,1.95,46.855,38.85,6156884142.0,18.9
51,AAPL,Apple Inc.,Information Technology,155.15,16.86,1.5795412,9.2,180.1,131.12,809508000000.0,16.6
52,AMAT,Applied Materials Inc,Information Technology,45.75,14.08,0.8215239,3.17,60.89,34.58,51296481503.0,14.7
53,APTV,Aptiv Plc,Consumer Discretionary,89.27,69.74,0.9392678,5.05,96.91,82.97,24906530300.0,15.0
54,ADM,Archer-Daniels-Midland Co,Consumer Staples,41.35,17.45,3.1761081,2.17,47.44,38.59,23594770663.0,34.2
56,AJG,Arthur J. Gallagher & Co.,Financials,64.4,21.05,2.4807137999999997,2.54,70.55,53.63,11968488290.0,30.8
57,AIZ,Assurant Inc,Financials,85.16,33.27,2.5313594,9.08,106.985,85.91,4653993594.0,25.2
59,ADSK,Autodesk Inc,Information Technology,104.81,-77.07,0.0,-2.61,131.1,81.75,24348294504.0,19.4
60,ADP,Automatic Data Processing,Information Technology,108.25,29.34,2.2190912,3.85,125.24,95.5,50337702249.0,12.8
61,AZO,AutoZone Inc,Consumer Discretionary,718.57,16.31,0.0,44.09,797.89,491.13,19922021415.0,12.1
62,AVB,"AvalonBay Communities, Inc.",Real Estate,154.94,17.97,3.7149355,6.36,199.52,156.01,21856547430.0,11.5
63,AVY,Avery Dennison Corp,Materials,110.77,22.11,1.5682174999999998,3.11,123.67,78.471,10104814319.0,18.3
64,BHGE,"Baker Hughes, a GE Company",Energy,27.5,305.56,2.4991322,-0.31,57.73,28.03,32995712852.0,21.2
65,BLL,Ball Corp,Materials,38.44,20.56,1.0170354,0.85,43.24,35.6,13767688518.0,15.4
66,BAC,Bank of America Corp,Financials,29.74,16.34,1.536,1.55,32.67,22.07,321478000000.0,26.3
67,BAX,Baxter International Inc.,Health Care,62.56,25.12,0.97635394,1.29,72.58,48.15,35713732553.0,28.0
69,BDX,Becton Dickinson,Health Care,211.44,22.28,1.3518385,4.65,248.3888,175.66,50910180308.0,31.8
70,BRK.B,Berkshire Hathaway,Financials,191.42,30.43,0.0,9.76,217.62,160.93,261401000000.0,17.1
71,BBY,Best Buy Co. Inc.,Consumer Discretionary,68.79,19.22,1.9085041,3.81,78.59,41.67,20831186176.0,12.0
72,BIIB,Biogen Inc.,Health Care,311.79,14.3,0.0,11.94,370.57,244.28,69157726427.0,23.5
73,BLK,BlackRock,Financials,509.38,22.49,2.1643557999999996,30.3,594.52,368.0,85907759858.0,22.9
74,HRB,Block H&R,Financials,25.19,12.29,3.7296038,1.92,31.8,19.85,5381433872.0,14.1
75,BA,Boeing Company,Industrials,329.66,27.29,1.9648397000000002,13.47,361.45,163.69,205617000000.0,36.9
76,BWA,BorgWarner,Consumer Discretionary,51.94,14.15,1.2363636,0.55,58.22,37.54,11596117445.0,24.0
77,BXP,Boston Properties,Real Estate,112.09,18.05,2.7744062,2.93,140.13,111.87,17799878487.0,13.9
78,BSX,Boston Scientific,Health Care,25.2,20.0,0.0,0.07,29.93,23.29,36142506007.0,30.7
79,BHF,Brighthouse Financial Inc,Financials,55.44,22.63,0.0,-24.62,75.0,52.751000000000005,7066613254.0,23.9
80,BMY,Bristol-Myers Squibb,Health Care,62.69,20.83,2.5546862999999997,2.65,66.1,51.12,102507000000.0,28.3
81,AVGO,Broadcom,Information Technology,229.57,15.94,2.9488583,4.01,285.68,202.61,92791974933.0,25.5
82,BF.B,Brown-Forman Corp.,Consumer Staples,63.33,37.04,1.1216964,1.7,69.9028,45.415,5498033502.0,22.3
83,CHRW,C. H. Robinson Worldwide,Industrials,90.47,26.0,1.987685,3.57,100.18,63.41,12932483889.0,26.0
85,COG,Cabot Oil & Gas,Energy,23.01,60.55,1.0269575999999998,-0.92,29.57,21.4,10808821635.0,50.0
86,CDNS,Cadence Design Systems,Information Technology,36.82,34.09,0.0,0.74,46.0,29.01,10890625200.0,17.0
87,CPB,Campbell Soup,Consumer Staples,44.83,14.84,3.125,2.89,64.23,43.5,13467193376.0,22.0
88,COF,Capital One Financial,Financials,91.8,11.85,1.6306564,3.45,106.5,76.05,47637260000.0,26.6
89,CAH,Cardinal Health Inc.,Health Care,66.63,12.29,2.8394227,4.04,84.88,54.66,20493281175.0,15.7
90,KMX,Carmax Inc,Consumer Discretionary,64.34,19.44,0.0,3.97,77.64,54.29,11827453706.0,13.5
91,CCL,Carnival Corp.,Consumer Discretionary,66.76,17.48,2.6041667,3.58,72.7,54.75,49180044050.0,21.7
92,CAT,Caterpillar Inc.,Industrials,145.99,21.22,2.0215108,1.26,173.24,90.34,91822049046.0,39.4
93,CBOE,CBOE Holdings,Financials,111.15,35.06,0.9426962999999999,2.27,138.54,76.75,12998295607.0,21.4
94,CBG,CBRE Group,Real Estate,41.92,15.82,0.0,1.69,46.6,30.43,14440591731.0,8.7
97,CNC,Centene Corporation,Health Care,100.36,19.12,0.0,3.23,112.42,65.03,18012494506.0,22.7
98,CNP,CenterPoint Energy,Utilities,25.85,19.73,4.2109255999999995,1.0,30.45,25.51,11362043297.0,31.4
100,CERN,Cerner,Health Care,61.22,27.09,0.0,1.84,73.86,51.2617,21101697598.0,20.1
101,CF,CF Industries Holdings Inc,Materials,37.46,-59.46,3.0395136000000003,-1.2,43.98,25.04,9209106695.0,32.8
102,SCHW,Charles Schwab Corporation,Financials,48.9,29.82,0.76878726,1.61,56.25,37.16,69750188843.0,25.3
103,CHTR,Charter Communications,Consumer Discretionary,348.65,162.92,0.0,34.08,408.83,308.3,86708878113.0,20.4
104,CHK,Chesapeake Energy,Energy,2.82,4.7,0.0,-6.44,6.59,2.8,2626102121.0,42.5
105,CVX,Chevron Corp.,Energy,112.3,27.52,3.885853,4.85,133.88,102.55,218979000000.0,40.3
106,CMG,Chipotle Mexican Grill,Consumer Discretionary,266.01,45.86,0.0,0.8,499.0,263.0,7685283970.0,24.3
107,CB,Chubb Limited,Financials,140.39,17.5,1.9251627,8.2,157.5,130.17,68424670566.0,23.9
108,CHD,Church & Dwight,Consumer Staples,47.38,24.42,1.8366054,2.92,54.1799,43.21,11838963451.0,22.7
109,CI,CIGNA Corp.,Health Care,189.27,18.11,0.020466639,7.2,227.13,141.93,47680910480.0,15.1
110,XEC,Cimarex Energy,Energy,100.19,26.37,0.30214334,-4.64,136.31,89.49,10089082025.0,52.4
111,CINF,Cincinnati Financial,Financials,70.34,27.48,2.918904,3.55,81.98,68.24,11916533018.0,26.2
112,CTAS,Cintas Corporation,Industrials,149.32,32.75,1.0344826999999999,4.38,169.96,113.79,16676145923.0,25.4
113,CSCO,Cisco Systems,Information Technology,38.77,17.87,2.8755577000000003,1.91,42.98,30.36,199426000000.0,12.7
114,C,Citigroup Inc.,Financials,71.87,13.48,1.7068942999999999,-3.1,80.7,56.14,192709000000.0,26.3
115,CFG,Citizens Financial Group,Financials,42.19,16.04,1.9625335,3.27,48.23,31.51,22008050974.0,26.3
116,CTXS,Citrix Systems,Information Technology,84.53,20.37,0.0,-0.24,95.0,73.3346,13199167493.0,18.1
117,CME,CME Group Inc.,Financials,153.04,32.15,3.6828613,11.94,163.0,114.8176,54423298745.0,14.6
118,CMS,CMS Energy,Utilities,41.77,21.42,3.3918407,1.99,50.85,41.07,11873960824.0,28.0
119,KO,Coca-Cola Company (The),Consumer Staples,43.1,22.8,3.3213644,1.49,48.615,40.22,189855000000.0,25.1
120,CTSH,Cognizant Technology Solutions,Information Technology,75.16,22.44,1.0454783,2.54,79.28,54.76,45119684067.0,21.7
121,CL,Colgate-Palmolive,Consumer Staples,68.95,24.02,2.2801766,2.28,77.91,66.26,61616643498.0,22.1
122,CMCSA,Comcast Corp.,Consumer Discretionary,38.19,18.54,1.8929017,4.74,44.0,34.78,186477000000.0,19.7
123,CMA,Comerica Inc.,Financials,89.18,18.89,1.2823253000000001,4.13,98.18,64.04,16274969256.0,26.9
124,CAG,Conagra Brands,Consumer Staples,35.49,18.2,2.3683476000000003,1.46,41.68,32.16,14379717835.0,31.9
125,CXO,Concho Resources,Energy,140.09,84.39,0.0,-11.04,162.91,106.73,22021882339.0,48.4
126,COP,ConocoPhillips,Energy,53.24,72.93,2.049254,-0.65,61.315,42.265,65482462410.0,35.1
127,ED,Consolidated Edison,Utilities,74.73,18.64,3.8001595,4.1,89.7,72.63,23335777662.0,25.2
128,STZ,Constellation Brands,Consumer Staples,208.73,30.92,0.9712818000000001,8.71,229.5,152.01,41697453163.0,23.2
129,GLW,Corning Inc.,Information Technology,28.45,16.45,2.0791416000000003,-0.78,35.1,26.31,25759280346.0,20.0
130,COST,Costco Wholesale Corp.,Consumer Staples,178.61,30.69,1.0917627,6.09,199.88,150.0,80439804508.0,22.3
131,COTY,"Coty, Inc",Consumer Staples,19.96,24.64,2.8604119999999997,-0.63,21.175,14.24,13101112504.0,31.9
132,CCI,Crown Castle International Corp.,Real Estate,103.81,21.45,3.8620690000000004,1.02,114.97,86.93,44183023189.0,18.4
133,CSRA,CSRA Inc.,Information Technology,30.85,15.12,1.275917,1.83,33.79,27.38,5134501276.0,31.9
134,CSX,CSX Corp.,Industrials,50.47,21.94,1.5102888,6.07,60.04,45.41,47340511707.0,18.5
135,CMI,Cummins Inc.,Industrials,165.73,16.83,2.5008682999999996,8.23,194.18,143.8301,28669230787.0,17.8
136,CVS,CVS Health,Consumer Staples,70.55,12.36,2.6899797999999997,4.91,84.0,66.45,75323141722.0,21.0
137,DHI,D. R. Horton,Consumer Discretionary,44.55,16.32,1.0801469,2.73,53.32,29.3716,17390873686.0,21.5
138,DHR,Danaher Corp.,Health Care,92.16,22.87,0.5879265,3.53,104.82,78.97,66351150000.0,32.7
139,DRI,Darden Restaurants,Consumer Discretionary,91.33,22.72,2.6503997000000004,3.81,100.11,71.7,11745595320.0,22.2
140,DVA,DaVita Inc.,Health Care,71.91,20.55,0.0,4.3,80.71,52.51,13685178000.0,20.6
141,DE,Deere & Co.,Industrials,153.66,23.14,1.4866204,6.64,171.96,106.72,52186628646.0,18.3
142,DAL,Delta Air Lines Inc.,Industrials,51.23,10.37,2.2655525,4.94,60.79,43.81,38393603535.0,23.8
143,XRAY,Dentsply Sirona,Health Care,56.85,22.65,0.60034305,1.99,68.98,52.535,13390513478.0,20.5
144,DVN,Devon Energy Corp.,Energy,34.94,23.93,0.6528835999999999,-6.89,47.25,28.7947,19317380000.0,33.9
145,DLR,Digital Realty Trust Inc,Real Estate,98.96,16.55,3.5710857000000003,2.19,127.23,101.101,21400952517.0,14.2
146,DFS,Discover Financial Services,Financials,72.4,12.13,1.8269607,5.41,81.93,57.5,27433540000.0,23.6
147,DISCA,Discovery Communications-A,Consumer Discretionary,22.87,11.0,0.0,1.96,30.25,15.99,8763756733.0,18.4
149,DISH,Dish Network,Consumer Discretionary,43.77,16.09,0.0,3.06,66.5,42.48,21032719056.0,21.7
150,DG,Dollar General,Consumer Discretionary,95.1,21.18,1.0625255,4.43,105.82,65.97,26580644874.0,17.0
151,DLTR,Dollar Tree,Consumer Discretionary,101.58,26.66,0.0,3.77,116.65,65.63,25151198417.0,17.9
152,D,Dominion Energy,Utilities,73.31,20.42,4.5281997,4.91,85.3,71.59,47543571860.0,33.2
153,DOV,Dover Corp.,Industrials,96.2,23.87,1.8815053,5.15,109.06,75.51,15566645713.0,28.4
155,DPS,Dr Pepper Snapple Group,Consumer Staples,116.93,26.57,1.9661016,4.54,126.65,83.23,21209783858.0,33.2
156,DTE,DTE Energy Co.,Utilities,98.49,19.12,3.5559585,4.82,116.74,96.56,17808073691.0,31.1
157,DUK,Duke Energy,Utilities,74.32,16.7,4.784946400000001,3.12,91.8,72.93,52078185682.0,33.0
158,DRE,Duke Realty Corp,Real Estate,24.52,19.77,3.1533307999999995,0.88,30.14,24.73,9035293365.0,16.2
159,DXC,DXC Technology,Information Technology,91.92,79.93,0.7493755,-0.89,102.95,67.76,27408621020.0,13.5
161,EMN,Eastman Chemical,Materials,93.57,12.28,2.2630835,10.12,104.08,76.02,14226830813.0,24.5
162,ETN,Eaton Corporation,Industrials,79.41,17.08,2.9404557000000002,6.68,89.85,69.45,35961772000.0,17.1
163,EBAY,eBay Inc.,Information Technology,41.02,24.86,0.0,-1.07,46.99,31.89,44216696399.0,21.4
164,ECL,Ecolab Inc.,Materials,127.76,28.08,1.2319711000000002,4.14,140.5,119.61,38460272282.0,25.8
165,EIX,Edison Int'l,Utilities,58.07,13.23,4.0542803,3.96,83.38,58.76,19447670886.0,28.9
166,EW,Edwards Lifesciences,Health Care,123.78,32.57,0.0,2.88,138.48,89.2,27447099863.0,19.7
167,EA,Electronic Arts,Information Technology,116.54,34.48,0.0,3.07,131.01,81.27,37890226992.0,12.7
168,EMR,Emerson Electric Company,Industrials,66.4,25.74,2.813225,2.35,74.45,56.77,44040298425.0,30.8
169,ETR,Entergy Corp.,Utilities,72.02,10.65,4.892126,-3.26,87.95,69.63,13116894887.0,35.1
171,EOG,EOG Resources,Energy,101.04,246.44,0.63339007,-1.98,119.0,81.99,61164030149.0,46.9
172,EQT,EQT Corporation,Energy,46.25,53.16,0.25183629999999996,-2.69,67.84,47.13,12638828950.0,40.2
173,EFX,Equifax Inc.,Industrials,114.0,19.03,1.3265306000000001,4.04,147.02,90.72,14121334618.0,24.5
174,EQIX,Equinix,Real Estate,409.98,23.06,1.8775817,1.77,495.345,361.9,33333813618.0,16.1
175,EQR,Equity Residential,Real Estate,55.26,17.6,3.5437917999999997,1.63,70.455,56.07,20925508143.0,14.0
176,ESS,"Essex Property Trust, Inc.",Real Estate,218.28,18.66,3.2138102,6.27,270.04,214.03,14383525286.0,15.9
177,EL,Estee Lauder Cos.,Consumer Staples,131.46,37.78,1.1283498,3.35,138.74,81.69,49543264457.0,25.1
178,RE,Everest Re Group Ltd.,Financials,241.06,27.24,2.1078234,23.71,277.17,208.81,10131892523.0,28.1
179,ES,Eversource Energy,Utilities,56.11,18.22,3.3397784,2.96,66.15,55.2,18027633617.0,23.0
180,EXC,Exelon Corp.,Utilities,35.98,14.51,3.8174273999999997,1.23,42.67,33.3,34734816899.0,24.1
181,EXPE,Expedia Inc.,Consumer Discretionary,123.03,30.99,0.92785895,1.81,161.0,115.55,19722178609.0,23.4
182,EXPD,Expeditors International,Industrials,60.36,25.26,1.3520038,2.36,67.54,51.96,11040678071.0,18.9
184,EXR,Extra Space Storage,Real Estate,77.56,18.12,3.879632,2.92,88.56,71.34,10133547517.0,18.9
185,XOM,Exxon Mobil Corp.,Energy,76.07,21.37,4.0031195,1.88,89.3,76.05,326149000000.0,32.3
186,FFIV,F5 Networks,Information Technology,137.25,21.21,0.0,6.51,149.5,114.63,8744185796.0,17.9
187,FB,"Facebook, Inc.",Information Technology,171.58,27.9,0.0,5.39,195.32,132.44,523423000000.0,31.4
188,FAST,Fastenal Co,Industrials,52.15,27.02,2.7798648,2.01,57.815,39.79,15311373377.0,22.6
189,FRT,Federal Realty Investment Trust,Real Estate,108.11,18.35,3.5925992,3.5,143.79,109.74,8077368506.0,12.9
190,FDX,FedEx Corporation,Industrials,239.27,19.45,0.7963368000000001,11.07,274.66,182.89,67280478816.0,21.3
191,FIS,Fidelity National Information Services,Information Technology,92.74,22.08,1.322724,1.72,103.65,77.63,32308459680.0,18.6
192,FITB,Fifth Third Bancorp,Financials,31.1,16.9,1.9789734,2.85,33.91,23.2,22437653700.0,26.0
193,FE,FirstEnergy Corp,Utilities,30.64,11.18,4.673807,-14.49,35.22,27.93,13706075072.0,38.7
194,FISV,Fiserv Inc,Information Technology,133.05,27.32,0.0,4.14,144.2,106.2,26918949723.0,19.5
195,FLIR,FLIR Systems,Information Technology,46.46,25.53,1.2396694,1.21,52.88,33.75,6706992926.0,14.4
196,FLS,Flowserve Corporation,Industrials,40.82,26.17,1.8291216000000001,1.12,51.92,37.51,5427884956.0,38.1
197,FLR,Fluor Corp.,Industrials,55.31,19.9,1.4726508,1.99,62.09,37.0351,7978485059.0,29.3
198,FMC,FMC Corporation,Materials,80.87,32.48,0.785995,1.56,98.7,56.53,11273961835.0,38.7
199,FL,Foot Locker Inc,Consumer Discretionary,45.88,9.5,2.5827951000000002,4.91,77.86,28.42,5819080328.0,14.2
200,F,Ford Motor,Consumer Discretionary,10.43,5.89,6.7843865999999995,1.9,13.48,10.19,42414328338.0,30.0
201,FTV,Fortive Corp,Industrials,69.14,25.05,0.39057052,2.46,76.68,54.8844,24916503061.0,30.9
202,FBHS,Fortune Brands Home & Security,Industrials,62.44,20.27,1.2618296,3.04,73.62,55.25,9624169008.0,25.5
203,BEN,Franklin Resources,Financials,38.0,12.67,2.3326569999999998,3.0,47.65,37.01,21759187973.0,19.7
204,FCX,Freeport-McMoRan Inc.,Materials,17.16,14.67,1.1198208,1.24,20.25,11.05,25853969330.0,37.7
205,GPS,Gap Inc.,Consumer Discretionary,31.17,15.35,2.8203557,1.69,35.68,21.02,12684517721.0,13.4
206,GRMN,Garmin Ltd.,Consumer Discretionary,61.13,21.23,3.2339884999999997,2.69,64.96,48.5,11840331607.0,19.5
207,IT,Gartner Inc,Information Technology,114.26,36.86,0.0,2.31,142.16,97.96,10828314389.0,23.8
208,GD,General Dynamics,Industrials,206.05,20.71,1.5631542,9.55,229.54,181.94,64180390701.0,37.4
209,GE,General Electric,Industrials,14.45,13.76,3.147541,-0.72,30.59,14.71,132249000000.0,45.9
211,GIS,General Mills,Consumer Staples,53.99,17.53,3.5864594,2.77,63.73,49.65,31098243069.0,23.6
212,GM,General Motors,Consumer Discretionary,40.75,6.58,3.5857513,6.0,46.76,31.92,61536606173.0,30.0
213,GPC,Genuine Parts,Consumer Discretionary,96.31,21.17,2.7198548,4.6,107.75,79.86,14554321748.0,13.0
214,GILD,Gilead Sciences,Health Care,78.22,8.16,2.754954,9.95,89.54,63.75899999999999,108107000000.0,22.9
215,GPN,Global Payments Inc.,Information Technology,100.59,27.86,0.037622273,1.58,113.26,76.47,16920023264.0,18.4
216,GS,Goldman Sachs Group,Financials,246.35,12.44,1.1668611999999998,8.61,273.79,209.62,96978500251.0,28.3
217,GT,Goodyear Tire & Rubber,Consumer Discretionary,30.75,9.92,1.6731401999999997,4.74,37.2,28.81,8244568238.0,18.5
218,GWW,Grainger (W.W.) Inc.,Industrials,258.6,22.57,1.9700643,10.02,298.145,155.0,14639308205.0,13.0
219,HAL,Halliburton Co.,Energy,47.41,38.86,1.4489836999999999,-0.53,57.86,38.181,43356557470.0,26.5
220,HBI,Hanesbrands Inc,Consumer Discretionary,19.57,10.04,2.7322404,1.41,25.73,18.9,8006268615.0,14.5
221,HOG,Harley-Davidson,Consumer Discretionary,47.54,13.7,3.0218647,2.98,63.4,44.52,8158949890.0,16.3
223,HIG,Hartford Financial Svc.Gp.,Financials,53.34,14.34,1.7901897,2.27,59.2,46.35,19926305632.0,20.6
224,HAS,Hasbro Inc.,Consumer Discretionary,96.48,20.57,2.2304833,4.34,116.2,87.92,12732072001.0,12.5
225,HCA,HCA Holdings,Health Care,95.97,14.07,1.4227642,5.94,106.84,71.18,34449052800.0,26.6
227,HP,Helmerich & Payne,Energy,64.87,-54.51,4.149992500000001,-1.2,75.02,42.16,7345243806.0,25.8
228,HSIC,Henry Schein,Health Care,70.85,19.85,0.0,3.1,93.495,65.28,11452961984.0,14.9
229,HES,Hess Corporation,Energy,43.0,-9.33,2.2670596,-19.94,55.48,37.25,14016129999.0,29.2
230,HPE,Hewlett Packard Enterprise,Information Technology,15.04,11.57,1.9280206000000002,0.21,24.88,12.815,24800859640.0,17.3
231,HLT,Hilton Worldwide Holdings Inc,Consumer Discretionary,78.66,36.42,0.7315289,1.05,88.11,55.79,26242415796.0,19.8
232,HOLX,Hologic,Health Care,38.8,19.21,0.0,2.64,46.8,35.76,11181493750.0,30.6
233,HD,Home Depot,Consumer Discretionary,181.22,28.1,1.8610487,6.46,207.605,136.82,223379000000.0,11.5
234,HON,Honeywell Int'l Inc.,Industrials,146.02,20.68,1.9710299,2.08,165.13,119.31,114422000000.0,33.4
235,HRL,Hormel Foods Corp.,Consumer Staples,32.21,20.39,2.2907757999999996,1.57,38.0,29.75,17338613096.0,25.1
236,HST,Host Hotels & Resorts,Real Estate,18.75,11.23,4.1131105,1.02,21.53,17.26,14394715334.0,14.4
237,HPQ,HP Inc.,Information Technology,19.92,12.07,2.6270627999999996,1.49,24.1,15.39,34895294088.0,12.3
238,HUM,Humana Inc.,Health Care,262.37,22.39,0.6040015000000001,4.06,293.35,189.01,36973617235.0,23.2
239,HBAN,Huntington Bancshares,Financials,15.1,15.41,2.8132992000000003,1.0,16.53,12.14,16766497291.0,21.1
240,HII,Huntington Ingalls Industries,Industrials,225.37,18.75,1.2264713,12.15,253.44,183.42,10628247899.0,41.3
241,IDXX,IDEXX Laboratories,Health Care,169.28,53.57,0.0,2.94,198.73,140.63,15422885020.0,28.3
242,INFO,IHS Markit Ltd.,Industrials,43.73,26.19,0.0,1.0,49.19,37.82,17969275816.0,23.6
243,ITW,Illinois Tool Works,Industrials,156.15,23.62,1.9089574,4.86,179.07,126.52,55994378108.0,19.5
244,ILMN,Illumina Inc,Health Care,209.54,52.25,0.0,4.92,248.97,158.0203,32295200000.0,11.2
245,INCY,Incyte,Health Care,83.92,-119.89,0.0,0.54,153.15,84.21,18220961259.0,25.9
246,IR,Ingersoll-Rand PLC,Industrials,87.6,19.38,1.9739006999999997,5.07,97.67,77.26,22785450609.0,32.9
247,INTC,Intel Corp.,Information Technology,42.75,12.32,2.6548672000000004,1.98,50.85,33.23,211536000000.0,15.8
248,ICE,Intercontinental Exchange,Financials,67.0,22.95,5.4298644,2.37,76.1378,56.8,41373051167.0,16.0
249,IBM,International Business Machines,Information Technology,147.59,10.67,3.8999026,6.11,182.79,139.13,142433000000.0,17.7
250,IP,International Paper,Materials,56.05,15.57,3.2067509999999997,5.14,66.94,49.6,24465996443.0,25.3
251,IPG,Interpublic Group,Consumer Discretionary,21.34,15.46,3.3802817000000003,1.49,25.71,18.3,8277363031.0,15.9
252,IFF,Intl Flavors & Fragrances,Materials,138.0,24.17,1.9341276,5.05,157.4,116.3,11270040447.0,25.3
253,INTU,Intuit Inc.,Information Technology,152.75,40.52,0.96720195,3.72,170.59,111.9,41233771565.0,16.7
254,ISRG,Intuitive Surgical Inc.,Health Care,381.87,48.58,0.0,5.67,452.0,233.10643,44866621303.0,30.2
255,IVZ,Invesco Ltd.,Financials,31.92,11.87,3.466826,2.74,38.43,29.36,13620847614.0,25.8
256,IQV,IQVIA Holdings Inc.,Health Care,95.23,21.74,0.0,0.76,110.67,75.94,20426488713.0,21.4
257,IRM,Iron Mountain Incorporated,Real Estate,32.07,15.42,7.08258,0.46,41.53,32.05,9410249279.0,15.6
258,JBHT,J. B. Hunt Transport Services,Industrials,114.81,30.62,0.8139042,6.19,126.49,83.35,12945366350.0,15.4
259,JEC,Jacobs Engineering Group,Industrials,62.82,19.45,0.9089531999999999,2.43,72.18,49.31,9326484316.0,34.0
260,SJM,JM Smucker,Consumer Staples,118.37,15.35,2.6036884999999996,5.1,143.68,99.565,13612394896.0,27.3
261,JNJ,Johnson & Johnson,Health Care,126.36,17.31,2.5566885,0.39,148.32,113.15,353062000000.0,32.8
262,JCI,Johnson Controls International,Industrials,36.55,14.0,2.7659574,1.71,44.37,34.51,34822224800.0,17.7
263,JPM,JPMorgan Chase & Co.,Financials,107.88,15.43,1.9845841,6.3,117.3529,81.635,386614000000.0,24.8
264,JNPR,Juniper Networks,Information Technology,24.66,14.09,1.5754233999999998,0.78,30.96,23.87,9267350000.0,16.0
265,KSU,Kansas City Southern,Industrials,103.53,19.8,1.3445379,9.16,114.85,81.54,11037040988.0,22.6
266,K,Kellogg Co.,Consumer Staples,65.98,16.5,3.3639620000000003,1.95,76.69,58.76,22182794875.0,26.9
267,KEY,KeyCorp,Financials,20.08,14.66,1.9876952,1.12,22.22,16.28,22589744920.0,24.4
268,KMB,Kimberly-Clark,Consumer Staples,111.69,17.93,3.5599858999999996,6.41,136.21,109.67,39449596000.0,26.9
269,KIM,Kimco Realty,Real Estate,14.01,9.28,7.713498599999999,0.8,25.15,14.33,6180487499.0,13.9
270,KMI,Kinder Morgan,Energy,16.8,25.07,2.891845,0.01,22.75,16.56,38612712234.0,18.8
271,KLAC,KLA-Tencor Corp.,Information Technology,98.54,16.59,2.2988505,5.88,121.65,86.33,16078622033.0,19.5
272,KSS,Kohl's Corp.,Consumer Discretionary,60.34,16.01,3.4965036,3.12,69.14,35.16,10570861198.0,13.4
273,KHC,Kraft Heinz Co,Consumer Staples,71.58,20.11,3.3990483,2.81,97.77,72.05,89618309338.0,33.5
274,KR,Kroger Co.,Consumer Staples,27.57,13.07,1.7301039,2.05,34.75,19.69,25471355847.0,20.4
275,LB,L Brands Inc.,Consumer Discretionary,47.77,12.77,4.886988,3.98,63.1,35.0,13862042842.0,16.7
277,LH,Laboratory Corp. of America Holding,Health Care,165.46,17.79,0.0,7.02,181.715,130.292,17271388000.0,15.4
278,LRCX,Lam Research,Information Technology,162.23,16.29,1.1652973999999998,9.22,219.7,113.1982,27967534829.0,17.0
279,LEG,Leggett & Platt,Consumer Discretionary,43.99,17.88,3.1454785,2.76,54.97,42.0,6034600480.0,36.1
280,LEN,Lennar Corp.,Consumer Discretionary,59.11,15.35,0.26268265,3.38,72.17,43.647053,14615967194.0,22.7
282,LLY,Lilly (Eli) & Co.,Health Care,74.21,17.34,2.9327424,-0.2,89.09,75.71,84475986228.0,34.4
283,LNC,Lincoln National,Financials,73.86,9.49,1.6813145,9.24,86.68,61.45,17123031000.0,21.8
284,LKQ,LKQ Corporation,Consumer Discretionary,38.86,21.35,0.0,1.5,43.8599,27.85,12469931896.0,13.9
285,LMT,Lockheed Martin Corp.,Industrials,334.3,24.28,2.315954,6.83,361.79,256.4,98102120000.0,28.3
286,L,Loews Corp.,Financials,46.05,15.99,4.5131635999999995,1.93,53.59,45.01,16111166935.0,15.5
287,LOW,Lowe's Cos.,Consumer Discretionary,95.01,23.87,1.6413131,3.46,108.98,70.76,82909678852.0,12.6
288,LYB,LyondellBasell,Materials,105.79,10.35,3.264714,12.25,121.95,78.01,43556650000.0,26.2
289,MTB,M&T Bank Corp.,Financials,178.35,18.91,1.6218846000000002,8.69,193.85,141.12,27840827434.0,27.6
290,MAC,Macerich,Real Estate,58.36,14.81,4.917760400000001,3.43,69.73,52.12,8473119166.0,14.4
291,M,Macy's Inc.,Consumer Discretionary,24.0,7.67,6.098546,1.98,33.73,17.405,7541063495.0,14.5
292,MRO,Marathon Oil Corp.,Energy,15.68,-32.0,1.2247398,-2.65,19.52,10.55,13875005314.0,42.1
293,MPC,Marathon Petroleum,Energy,62.79,16.06,2.8268552000000002,6.85,73.53,47.39,31633740000.0,28.7
294,MAR,Marriott Int'l.,Consumer Discretionary,133.88,32.73,0.9452879000000001,2.67,149.21,85.3725,50910130358.0,24.9
295,MMC,Marsh & McLennan,Financials,79.31,20.23,1.8257058999999998,2.87,86.54,69.33,41819440000.0,19.4
296,MLM,Martin Marietta Materials,Materials,208.42,30.38,0.8042038,6.63,244.32,191.09,13756812736.0,32.5
297,MAS,Masco Corp.,Industrials,40.7,22.12,0.98383695,1.47,46.445,31.29,13428792315.0,19.8
298,MA,Mastercard Inc.,Information Technology,160.62,34.99,0.5926628,3.65,177.11,105.8,187102000000.0,16.6
299,MAT,Mattel Inc.,Consumer Discretionary,16.0,-14.68,0.0,-3.06,26.3,12.71,5843402350.0,13.6
300,MKC,McCormick & Co.,Consumer Staples,101.36,23.91,2.0261056,3.73,109.67,90.25,13459353253.0,30.7
301,MCD,McDonald's Corp.,Consumer Discretionary,158.97,23.83,2.4379939999999998,6.36,178.7,124.36,132102000000.0,23.9
302,MCK,McKesson Corp.,Health Care,150.23,11.68,0.8898775999999999,22.74,178.86,133.82,31534840262.0,19.8
303,MDT,Medtronic plc,Health Care,78.38,17.04,2.2618315,2.89,89.72,75.44,110107000000.0,25.2
304,MRK,Merck & Co.,Health Care,54.73,13.75,3.4359339999999996,1.4,66.8,53.63,152242000000.0,22.6
305,MET,MetLife Inc.,Financials,44.28,8.52,3.4587116,0.63,56.58,44.58,48679364276.0,18.6
306,MTD,Mettler Toledo,Health Care,601.0,35.56,0.0,14.24,697.26,459.34,16420774443.0,11.3
307,MGM,MGM Resorts International,Consumer Discretionary,33.5,29.65,1.2687428,1.92,38.41,25.15,19633674337.0,25.4
309,MCHP,Microchip Technology,Information Technology,79.9,21.77,1.7512966,0.66,99.17,69.76,19393095636.0,34.1
310,MU,Micron Technology,Information Technology,40.0,9.01,0.0,4.36,49.89,22.64,48576791974.0,32.2
311,MSFT,Microsoft Corp.,Information Technology,85.01,25.76,1.8747908,2.97,96.07,63.22,689978000000.0,14.9
312,MAA,Mid-America Apartments,Real Estate,85.39,14.38,4.19652,2.86,110.95,86.95,9992628990.0,32.2
313,MHK,Mohawk Industries,Consumer Discretionary,256.57,19.08,0.0,12.48,286.85,209.9,19897356456.0,14.4
314,TAP,Molson Coors Brewing Company,Consumer Staples,74.51,17.66,2.1533613,9.27,102.14,75.79,12396862128.0,18.3
315,MDLZ,Mondelez International,Consumer Staples,42.68,19.85,1.9977299,1.91,47.23,39.19,65827817742.0,23.1
317,MNST,Monster Beverage,Consumer Staples,61.99,42.17,0.0,1.19,70.215,41.02,36403831015.0,32.2
318,MCO,Moody's Corp,Financials,152.14,26.55,1.1140649999999999,1.35,167.23,106.48,30189978000.0,12.2
319,MS,Morgan Stanley,Financials,51.79,14.23,1.8331805,3.09,58.05,40.06,97535400000.0,22.6
320,MSI,Motorola Solutions Inc.,Information Technology,98.74,19.03,2.0266979,-1.08,107.78,77.23,16626039679.0,14.9
321,MYL,Mylan N.V.,Health Care,39.25,8.35,0.0,0.93,47.82,29.39,21698849265.0,37.0
322,NDAQ,"Nasdaq, Inc.",Financials,75.21,17.78,1.9671283,4.32,83.29,65.98,12844304115.0,15.1
323,NOV,National Oilwell Varco Inc.,Energy,32.64,-77.71,0.5873715,-6.4,41.895,29.9,12940096785.0,34.8
324,NAVI,Navient,Financials,13.38,7.56,4.558404400000001,1.01,16.97,11.481,3692691330.0,26.7
325,NTAP,NetApp,Information Technology,55.85,26.1,1.3881658000000001,1.81,64.0599,37.43,15375210915.0,20.0
326,NFLX,Netflix Inc.,Information Technology,250.1,200.08,0.0,1.25,286.81,138.26,114805000000.0,18.0
327,NWL,Newell Brands,Consumer Discretionary,27.91,9.72,3.1228786,1.17,55.08,23.85,14438346000.0,16.0
329,NEM,Newmont Mining Corporation,Materials,36.61,26.34,0.8101539000000001,-1.18,42.04,31.42,19749449484.0,22.7
330,NWSA,News Corp. Class A,Consumer Discretionary,15.65,43.47,1.2453299999999998,-1.28,17.29,12.0,9356906461.0,14.6
332,NEE,NextEra Energy,Utilities,145.29,21.65,2.6537917,11.39,159.64,124.18,69661177770.0,29.5
333,NLSN,Nielsen Holdings,Industrials,33.9,18.73,3.6208732000000006,1.39,45.73,34.22,13377670080.0,22.9
334,NKE,Nike,Consumer Discretionary,62.49,24.9,1.2189548000000001,2.51,68.83,50.35,106776000000.0,14.8
335,NI,NiSource Inc.,Utilities,22.51,19.57,3.3780859,1.02,27.76,21.93,7776566371.0,32.3
336,NBL,Noble Energy Inc,Energy,25.43,105.96,1.4771048999999998,-2.32,39.6,22.985,13177325251.0,37.3
337,JWN,Nordstrom,Consumer Discretionary,47.23,15.04,3.0020284999999998,2.02,53.0,37.7924,8212509855.0,14.5
338,NSC,Norfolk Southern Corp.,Industrials,136.89,20.65,2.018503,18.73,157.1499,109.27,40543547441.0,23.7
339,NTRS,Northern Trust Corp.,Financials,96.2,19.96,1.6678249,4.92,108.91,83.17,22908130223.0,25.3
340,NOC,Northrop Grumman Corp.,Industrials,324.01,24.4,1.3030859,11.47,349.18,231.98,58782413951.0,31.2
341,NCLH,Norwegian Cruise Line,Consumer Discretionary,56.01,15.35,0.0,2.78,61.48,46.96,13191507318.0,28.0
342,NRG,NRG Energy,Utilities,24.0,17.78,1.4195583999999999,-2.23,29.78,14.52,8030036023.0,31.8
343,NUE,Nucor Corp.,Materials,60.38,17.01,2.415766,4.1,70.48,51.67,20003317128.0,37.2
344,NVDA,Nvidia Corporation,Information Technology,217.52,82.08,0.26223776,2.57,249.27,95.17,138653000000.0,12.9
345,ORLY,O'Reilly Automotive,Consumer Discretionary,252.22,21.91,0.0,10.73,279.23,169.43,21433781860.0,12.5
346,OXY,Occidental Petroleum,Energy,68.47,195.63,4.4081864,-0.75,78.09,57.2,53467692395.0,42.7
347,OMC,Omnicom Group,Consumer Discretionary,75.91,15.27,3.1838683999999997,4.79,86.71,65.32,17377551986.0,18.0
348,OKE,ONEOK,Energy,54.4,34.0,5.4436197,1.66,61.36,47.14,21988472489.0,25.1
349,ORCL,Oracle Corp.,Information Technology,46.84,18.81,1.5551462999999999,2.2,53.14,40.01,202302000000.0,18.2
350,PCAR,PACCAR Inc.,Industrials,66.98,15.72,1.455816,4.75,79.69,61.93,24152102921.0,35.0
351,PKG,Packaging Corporation of America,Materials,111.95,18.57,2.1514556000000002,7.07,131.1316,88.47,11051273948.0,19.7
352,PH,Parker-Hannifin,Industrials,174.51,21.6,1.4401833,7.24,212.8,145.38,24421668509.0,28.1
354,PAYX,Paychex Inc.,Information Technology,61.86,27.49,3.0892801,2.26,73.1,54.2,23253666810.0,16.1
355,PYPL,PayPal,Information Technology,72.32,49.53,0.0,1.47,86.32,39.92,90708000000.0,18.0
356,PNR,Pentair Ltd.,Industrials,66.67,18.89,2.03933,3.63,74.84,57.63,12466660892.0,33.4
357,PBCT,People's United Financial,Financials,18.56,18.02,3.59375,0.97,20.14,15.965,6527616000.0,24.5
358,PEP,PepsiCo Inc.,Consumer Staples,110.15,21.51,2.8370043999999996,4.36,122.51,104.77,161413000000.0,17.5
359,PKI,PerkinElmer,Health Care,72.06,24.68,0.3695394,2.64,84.49,52.63,8351767268.0,20.7
361,PFE,Pfizer Inc.,Health Care,33.63,12.69,3.8879358999999996,3.51,39.43,31.67,208506000000.0,29.6
362,PCG,PG&E Corp.,Utilities,38.24,8.75,0.0,2.78,71.57,38.45,20309412381.0,40.3
363,PM,Philip Morris International,Consumer Staples,100.39,22.36,4.328479,4.48,123.55,96.66,153581000000.0,24.4
364,PSX,Phillips 66,Energy,92.44,21.11,2.9285639999999997,9.93,107.47,75.135,47996220000.0,31.0
365,PNW,Pinnacle West Capital,Utilities,74.34,16.06,3.698776,3.95,92.48,73.81,8397609889.0,28.7
366,PXD,Pioneer Natural Resources,Energy,169.16,118.29,0.1816118,-3.39,199.83,125.46,29983119693.0,45.0
367,PNC,PNC Financial Services,Financials,149.38,17.55,1.9354837999999999,10.4,160.07,115.25,73315000000.0,21.3
368,RL,Polo Ralph Lauren Corp.,Consumer Discretionary,101.32,17.74,1.8570102,-1.19,119.33,66.06,8753430477.0,13.6
369,PPG,PPG Industries,Materials,110.3,18.73,1.5771488999999999,6.31,122.0697,99.57,29043337549.0,26.9
370,PPL,PPL Corp.,Utilities,29.52,12.83,5.2196894,2.79,40.2,29.205,20839814845.0,35.2
373,PFG,Principal Financial Group,Financials,60.38,11.96,3.1914895,4.5,75.585,58.9401,18457199721.0,22.4
374,PG,Procter & Gamble,Consumer Staples,80.22,20.46,3.3704788999999997,5.6,94.67,80.1,206319000000.0,247.0
375,PGR,Progressive Corp.,Financials,51.07,20.76,2.1061797,2.73,58.25,36.84,31062780000.0,26.3
376,PLD,Prologis,Real Estate,58.33,20.76,2.931379,3.06,67.53,48.69,31953288000.0,9.7
377,PRU,Prudential Financial,Financials,103.38,9.99,2.6985697999999996,9.73,127.14,97.88,47136080000.0,20.6
378,PEG,Public Serv. Enterprise Inc.,Utilities,46.73,16.11,3.60587,1.75,53.28,41.67,24138050331.0,29.0
379,PSA,Public Storage,Real Estate,180.49,18.21,4.316159,6.81,232.21,180.9254,32258539942.0,14.6
380,PHM,Pulte Homes Inc.,Consumer Discretionary,28.67,12.86,1.2036108,1.44,35.21,21.06,8792572352.0,21.6
381,PVH,PVH Corp.,Consumer Discretionary,142.68,20.98,0.100529455,6.77,157.96,84.53,11478625926.0,13.9
382,QRVO,Qorvo,Information Technology,76.85,19.71,0.0,-0.13,85.24,62.68,9877885146.0,32.2
383,QCOM,QUALCOMM Inc.,Information Technology,62.42,16.51,3.5055351000000003,1.65,69.28,48.92,96282828902.0,19.1
384,PWR,Quanta Services Inc.,Industrials,33.51,17.54,0.0,1.28,40.105,30.23,5330131216.0,37.4
385,DGX,Quest Diagnostics,Health Care,96.42,17.07,1.9884668999999997,5.5,112.965,90.1,13578300000.0,18.8
386,RRC,Range Resources Corp.,Energy,12.82,35.61,0.6097561,-2.79,34.09,12.7,3255587970.0,45.5
387,RJF,Raymond James Financial Inc.,Financials,86.06,16.94,1.0982976,4.12,99.1,71.35,13216271700.0,27.7
388,RTN,Raytheon Co.,Industrials,198.74,25.78,1.5612764,6.95,213.45,147.86,59066255840.0,33.9
389,O,Realty Income Corporation,Real Estate,47.56,15.54,5.3720360000000005,1.12,63.6,48.89,13784942453.0,16.8
391,REG,Regency Centers Corporation,Real Estate,55.58,15.27,3.6850338,1.43,72.05,56.66,9858367494.0,10.6
392,REGN,Regeneron,Health Care,322.62,27.93,0.0,7.74,543.5518,319.5,35950369241.0,21.6
393,RF,Regions Financial Corp.,Financials,17.9,17.9,1.8987342,1.0,19.9,13.0,21500640000.0,19.2
394,RSG,Republic Services Inc,Industrials,62.72,26.13,2.1362228,1.77,69.4,57.53,21590903863.0,23.8
395,RMD,ResMed,Health Care,89.26,31.54,1.5120423,2.41,104.78,67.04,13233622689.0,27.6
396,RHI,Robert Half International,Industrials,52.26,20.18,1.7075773,2.32,60.59,42.92,7047165475.0,11.3
397,ROK,Rockwell Automation Inc.,Industrials,178.73,26.48,1.7692552,6.35,210.72,147.67,24123216432.0,22.0
399,ROP,Roper Technologies,Industrials,259.4,27.57,0.61985797,9.38,290.415,191.22,27247789759.0,20.8
400,ROST,Ross Stores,Consumer Discretionary,75.06,26.52,0.82061803,2.83,85.66,52.85,29803566306.0,15.9
401,RCL,Royal Caribbean Cruises Ltd,Consumer Discretionary,122.45,16.26,1.8674136000000001,7.53,135.65,93.4,27418147452.0,22.3
402,SPGI,"S&P Global, Inc.",Financials,173.31,27.38,1.0947506,7.95,185.38,124.64,46585950000.0,13.0
403,CRM,Salesforce.com,Information Technology,104.03,520.15,0.0,0.27,114.52,79.63,79489115000.0,11.2
404,SBAC,SBA Communications,Real Estate,159.85,199.81,0.0,0.62,177.67,103.51,19572031314.0,17.4
406,SLB,Schlumberger Ltd.,Energy,67.4,44.93,2.8673835,-1.08,82.71,61.02,96529311126.0,26.3
408,STX,Seagate Technology,Information Technology,47.44,11.51,5.085772,2.58,56.45,30.6,14113197720.0,10.7
409,SEE,Sealed Air,Materials,42.62,21.31,1.4427412,2.46,50.62,41.22,8001938397.0,19.7
410,SRE,Sempra Energy,Utilities,103.36,19.14,3.1607263,5.45,122.975,100.63,26163862235.0,20.0
411,SHW,Sherwin-Williams,Materials,387.65,26.75,0.8426688,18.61,435.15,302.0101,37730994828.0,29.6
413,SPG,Simon Property Group Inc,Real Estate,152.18,13.56,5.0368075,6.25,187.35,150.15,48139839531.0,15.2
414,SWKS,Skyworks Solutions,Information Technology,99.04,16.45,1.2629502000000001,5.41,117.65,90.53,18493080922.0,31.9
415,SLG,SL Green Realty,Real Estate,90.61,14.07,3.4998921999999997,0.88,115.34,91.2,8617714345.0,14.2
416,SNA,Snap-On Inc.,Consumer Discretionary,156.72,15.81,1.968433,9.2,185.47,140.83,9499107736.0,32.6
417,SO,Southern Co.,Utilities,43.4,15.78,5.353022599999999,2.53,53.51,42.63,43497224128.0,31.7
418,LUV,Southwest Airlines,Industrials,55.63,15.89,0.863707,5.82,66.985,49.76,34351211637.0,31.9
419,SWK,Stanley Black & Decker,Consumer Discretionary,152.86,20.57,1.5775635000000001,8.05,176.62,121.09,24496399600.0,27.0
420,SBUX,Starbucks Corp.,Consumer Discretionary,53.77,25.98,2.203452,1.97,64.87,52.58,76548976000.0,20.8
421,STT,State Street Corp.,Financials,98.54,15.35,1.6228749,5.23,114.27,75.27,38059113300.0,22.5
422,SRCL,Stericycle Inc,Industrials,70.55,16.26,0.0,2.08,88.0,61.25,6218560288.0,25.9
423,SYK,Stryker Corp.,Health Care,148.01,23.46,1.2234008,2.68,170.0,122.01,57509096756.0,34.4
426,SYF,Synchrony Financial,Financials,34.98,13.35,1.6,2.41,40.59,26.01,28893750000.0,19.9
427,SNPS,Synopsys Inc.,Information Technology,82.62,67.72,0.0,0.87,94.8,64.75,12767067883.0,14.5
428,SYY,Sysco Corp.,Consumer Staples,57.0,22.98,2.4644873,2.08,64.27,48.85,30445320778.0,12.7
429,TROW,T. Rowe Price Group,Financials,101.99,19.92,2.140443,4.75,120.07,66.7,25810865035.0,23.3
431,TGT,Target Corp.,Consumer Discretionary,71.11,14.19,3.3856654,4.71,78.7,48.56,39816696539.0,15.4
432,TEL,TE Connectivity Ltd.,Information Technology,95.27,19.72,1.6062645,4.71,108.23,71.93,34983666316.0,16.3
433,FTI,TechnipFMC,Energy,29.1,18.77,1.7060366999999999,0.0,35.0,24.53,14163064455.0,29.1
434,TXN,Texas Instruments,Information Technology,97.66,24.05,2.4318494999999998,3.6,120.75,74.52,100263000000.0,17.5
435,TXT,Textron Inc.,Industrials,55.54,22.13,0.1381454,1.14,62.19,45.0,15254672353.0,37.8
436,BK,The Bank of New York Mellon Corp.,Financials,53.29,14.76,1.7347307,3.73,58.99,44.91,56083904906.0,22.6
437,CLX,The Clorox Company,Consumer Staples,127.76,23.44,2.6286967,5.33,150.4,124.09,16540418002.0,23.5
438,COO,The Cooper Companies,Health Care,223.17,22.96,0.026033757,7.52,256.39,187.02,11297958140.0,20.8
439,HSY,The Hershey Company,Consumer Staples,97.65,20.51,2.6494346,3.66,116.49,98.851,20867272020.0,25.3
440,MOS,The Mosaic Company,Materials,24.13,23.66,0.3960396,0.85,34.36,19.23,9726962131.0,35.0
441,TRV,The Travelers Companies Inc.,Financials,135.01,16.48,2.0261714,7.31,150.55,113.76,38903131815.0,21.9
442,DIS,The Walt Disney Company,Consumer Discretionary,101.35,17.78,1.6036655,5.7,116.1,96.2,157817000000.0,16.2
443,TMO,Thermo Fisher Scientific,Health Care,198.73,21.84,0.32763190000000003,5.6,226.44,151.69,83226586345.0,18.3
444,TIF,Tiffany & Co.,Consumer Discretionary,99.62,27.0,1.9402406000000003,3.55,111.44,77.93,12810515320.0,15.9
446,TJX,TJX Companies Inc.,Consumer Discretionary,74.36,21.01,1.64042,3.46,81.46,66.44,48181450881.0,14.6
449,TSCO,Tractor Supply Company,Consumer Discretionary,65.94,19.57,1.6030874,3.3,82.68,49.87,8459271203.0,15.7
450,TDG,TransDigm Group,Industrials,283.0,23.76,0.0,7.92,321.38,203.72,15241203731.0,40.9
451,TRIP,TripAdvisor,Consumer Discretionary,40.05,58.04,0.0,0.81,53.29,29.5,5700998508.0,20.6
452,FOXA,Twenty-First Century Fox Class A,Consumer Discretionary,34.56,17.81,0.9983361,1.59,39.135,24.81,44027094922.0,17.0
454,TSN,Tyson Foods,Consumer Staples,73.92,13.92,1.6353229,4.79,84.65,57.2,26957526800.0,36.2
455,USB,U.S. Bancorp,Financials,52.65,15.35,2.189781,3.52,58.5,49.535,90940115897.0,27.0
456,UDR,UDR Inc,Real Estate,32.92,17.79,3.6686389999999998,1.08,40.71,33.31,9050154422.0,13.1
457,ULTA,Ulta Salon Cosmetics & Fragrance Inc,Consumer Discretionary,209.09,32.07,0.0,6.52,314.86,187.96,13300000127.0,16.8
458,UAA,Under Armour Class A,Consumer Discretionary,13.14,32.05,0.0,0.45,23.46,11.4,5856913571.0,16.1
460,UNP,Union Pacific,Industrials,124.86,22.06,2.062655,13.52,143.05,101.06,101513000000.0,22.2
461,UAL,United Continental Holdings,Industrials,63.37,8.85,0.0,7.05,83.04,56.51,19363059152.0,31.4
462,UNH,United Health Group Inc.,Health Care,216.46,21.47,1.3284917,10.71,250.79,156.49,218835000000.0,21.2
463,UPS,United Parcel Service,Industrials,109.28,18.27,2.9666696,5.62,135.53,102.12,96436356833.0,21.4
464,URI,"United Rentals, Inc.",Industrials,161.99,16.33,0.0,15.72,189.0,100.62100000000001,14654954091.0,21.9
465,UTX,United Technologies,Industrials,127.48,19.26,2.1216943,5.7,139.24,107.05,105387000000.0,28.6
466,UHS,"Universal Health Services, Inc.",Health Care,114.87,15.36,0.34153005,7.14,129.74,95.26,11116075286.0,35.4
467,UNM,Unum Group,Financials,47.87,11.51,1.8189006999999997,4.38,58.73,43.55,11256432318.0,24.8
468,VFC,V.F. Corp.,Consumer Discretionary,78.75,25.9,2.2865665,2.55,82.95,48.05,31797645904.0,11.2
469,VLO,Valero Energy,Energy,86.77,18.74,3.5618877,9.24,99.95,60.69,39312309113.0,29.7
470,VAR,Varian Medical Systems,Health Care,112.82,29.93,0.0,2.69,130.29,77.73,10692681720.0,27.0
471,VTR,Ventas Inc,Real Estate,50.92,12.21,5.965641000000001,1.86,72.36,51.8,18865999082.0,13.8
472,VRSN,Verisign Inc.,Information Technology,105.62,29.5,0.0,3.43,118.28,81.17,10754983829.0,23.3
473,VRSK,Verisk Analytics,Industrials,92.28,28.84,0.0,3.45,100.54,75.6,15594677147.0,21.1
474,VZ,Verizon Communications,Telecommunication Services,49.04,13.08,4.626544,7.36,54.77,42.8,208092000000.0,18.1
475,VRTX,Vertex Pharmaceuticals Inc,Health Care,151.6,252.67,0.0,1.04,174.955,84.39,39369386348.0,24.8
476,VIAB,Viacom Inc.,Consumer Discretionary,32.71,8.68,2.622091,4.68,46.72,22.13,10601008017.0,18.0
477,V,Visa Inc.,Information Technology,113.86,32.72,0.70204765,2.8,126.88,84.88,270039000000.0,17.4
478,VNO,Vornado Realty Trust,Real Estate,66.18,16.22,3.744428,4.33,111.72,66.0101,12778779911.0,17.1
479,VMC,Vulcan Materials,Materials,121.47,40.9,0.7797879,3.1,141.2,108.95,16964162228.0,33.2
480,WMT,Wal-Mart Stores,Consumer Staples,100.02,23.1,1.983471,4.39,109.98,66.89,304681000000.0,28.9
481,WBA,Walgreens Boots Alliance,Consumer Staples,68.22,13.38,2.2368238,3.78,88.0,63.82,70862541911.0,17.3
482,WM,Waste Management Inc.,Industrials,79.12,25.36,2.0800195,2.66,89.73,69.55,35488486675.0,15.1
483,WAT,Waters Corporation,Health Care,191.79,26.64,0.0,0.19,220.2,145.94,16064078572.0,18.0
484,WEC,Wec Energy Group Inc,Utilities,59.5,19.57,3.6919480000000005,3.79,70.09,56.63,18890296993.0,32.3
485,WFC,Wells Fargo,Financials,55.4,13.58,2.7111576,4.07,66.31,49.27,281464000000.0,30.8
487,WDC,Western Digital,Information Technology,80.09,10.19,2.389201,1.29,95.77,71.38,24760297793.0,13.7
488,WU,Western Union Co,Information Technology,18.81,10.17,3.5915854,0.51,22.21,18.39,8951609207.0,20.8
489,WRK,WestRock Company,Materials,60.93,23.26,2.6699783999999998,2.77,71.55,49.23,16433340688.0,17.9
490,WY,Weyerhaeuser Corp.,Real Estate,33.6,34.29,3.7079953999999997,0.77,37.89,30.9504,26070297960.0,19.1
491,WHR,Whirlpool Corp.,Consumer Discretionary,164.95,11.77,2.5652986,4.51,202.99,158.8,12177920000.0,23.9
492,WMB,Williams Cos.,Energy,28.56,48.41,4.0,-0.57,33.67,26.8188,24802396470.0,24.0
493,WLTW,Willis Towers Watson,Financials,152.36,18.67,1.347058,3.07,165.0,120.869,20780269334.0,22.3
494,WYN,Wyndham Worldwide,Consumer Discretionary,113.56,18.77,1.9541779,5.53,127.96,80.11,11993835688.0,27.5
495,WYNN,Wynn Resorts Ltd,Consumer Discretionary,169.28,31.7,1.1279043,7.27,203.63,92.67,18225400525.0,27.5
496,XEL,Xcel Energy Inc,Utilities,42.44,18.14,3.3914273,2.21,52.22,41.16,21559611927.0,29.9
497,XRX,Xerox Corp.,Information Technology,29.8,8.87,3.207184,0.59,37.42,26.64,7938833340.0,17.4
498,XLNX,Xilinx Inc,Information Technology,62.82,27.19,2.0904882,2.32,77.26,54.99,17064975551.0,22.4
500,XYL,Xylem Inc.,Industrials,70.24,30.94,1.1700793999999999,1.83,76.81,46.86,12915021000.0,16.4
501,YUM,Yum! Brands Inc,Consumer Discretionary,76.3,27.25,1.7970798,4.07,86.93,62.85,27003303098.0,18.1
502,ZBH,Zimmer Biomet Holdings,Health Care,115.53,14.32,0.7948335999999999,9.01,133.49,108.17,24454698119.0,34.2
503,ZION,Zions Bancorp,Financials,50.71,17.73,1.480933,2.6,55.61,38.43,10670678640.0,25.4
504,ZTS,Zoetis,Health Care,71.51,32.8,0.68237203,1.65,80.13,52.0,35991109776.0,24.3
