,Symbol,Sector,Name,Feature1,Feature2,Feature3,Feature4,Revenue,Revenue_Growth,Gross_Profit,Operating_Expenses,Operating_Income,Net_Profit_Margin
1,A,Health Care,Agilent Technologies Inc,1.322312593,-0.322621793,-0.11353685,-1.16636014,4.91E+09,0.0988,2.69E+09,1.76E+09,9.28E+08,0.0643
2,AAL,Industrials,American Airlines Group,0.214986742,-1.934115767,1.691741467,0.684100151,4.45E+10,0.045,2.41E+10,2.15E+10,2.66E+09,0.0317
3,AAP,Consumer Discretionary,Advance Auto Parts,1.69224894,-2.307023287,0.887196004,0.291138321,9580554000,0.0221,4219413000,3615138000,604275000,0.0442
4,AAPL,Information Technology,Apple Inc.,1.926322699,-0.228346601,-0.076991946,-1.013046503,2.66E+11,0.1586,1.02E+11,3.09E+10,7.09E+10,0.2241
5,ABBV,Health Care,AbbVie Inc.,1.20543313,-0.49723199,0.666989982,-0.29099378,3.28E+10,0.1608,2.50E+10,1.87E+10,6.38E+09,0.1736
6,ABC,Health Care,AmerisourceBergen Corp,0.141988307,-0.092846774,0.419545114,-0.935936272,1.68E+11,0.0966,4612317000,3168632000,1443685000,0.0099
7,ABT,Health Care,Abbott Laboratories,-0.374457836,-0.675711095,1.216313958,-0.111506663,3.06E+10,0.1164,1.79E+10,1.42E+10,3.65E+09,0.0774
8,ACN,Information Technology,Accenture plc,3.329297066,-0.967134357,-0.794005871,-1.376684546,40992534000,0.1331,12493364000,6594585000,5898779000,0.099
9,ADBE,Information Technology,Adobe Systems Inc,-0.925728083,0.373745412,0.92536813,-0.759043038,9030008000,0.2367,7835009000,4994640000,2840369000,0.2869
10,ADI,Information Technology,"Analog Devices, Inc.",-0.938545823,-0.367840767,1.351242185,-0.201289922,6200942000,0.2141,4233302000,2351567000,1881735000,0.2412
11,ADM,Consumer Staples,Archer-Daniels-Midland Co,1.606159329,-2.736975908,0.950397492,0.380873442,6.43E+10,0.0578,4.18E+09,2.34E+09,1.85E+09,0.0281
12,ADP,Information Technology,Automatic Data Processing,-1.512396097,0.752142012,1.434407115,-0.440900952,13327700000,0.0772,5516800000,2959400000,2557400000,0.1414
13,ADS,Information Technology,Alliance Data Systems,1.087991357,-0.881813228,0.669589758,-0.279695898,7791200000,0.0093,3570300000,1.68E+09,1894300000,0.1236
14,ADSK,Information Technology,Autodesk Inc,-0.459683329,-1.964258552,1.893704295,0.732603014,2056600000,0.0126,1753200000,2262300000,-509100000,-0.2756
15,AEE,Utilities,Ameren Corp,0.701628208,-0.281815112,0.246928692,-0.959465921,6.29E+09,0.019,2.31E+09,9.55E+08,1.36E+09,0.1296
16,AEP,Utilities,American Electric Power,-0.152861491,-0.2772367,0.695159435,-0.704792976,16195700000,0.05,5039900000,2357200000,2682700000,0.1188
17,AES,Utilities,AES Corp,1.084805131,-0.697286427,0.907500088,-0.051717561,1.07E+10,0.0196,2.57E+09,4.58E+08,2.12E+09,0.1121
18,AFL,Financials,AFLAC Inc,1.43462801,-0.017121881,0.076814018,-0.959041476,2.18E+10,0.0042,9.76E+09,5.55E+09,4.21E+09,0.1342
19,AGN,Health Care,"Allergan, Plc",-1.179868817,3.490352392,0.852458954,-1.405496716,15787400000,-0.0096,1.36E+10,19843600000,-6247600000,-0.3228
20,AIG,Financials,"American International Group, Inc.",0.006787783,-0.509016514,1.349722624,0.10514269,4.74E+10,-0.043,1.62E+10,1.47E+10,1.57E+09,-1.00E-04
21,AIV,Real Estate,Apartment Investment & Management,-0.916548491,-0.844217658,1.51232481,0.050915897,972410000,-0.0328,643588000,427832000,215756000,0.6851
22,AIZ,Financials,Assurant Inc,-1.307196379,0.458191395,1.331939101,-0.417569995,8057600000,0.2561,5.72E+09,5281200000,433800000,0.0312
23,AJG,Financials,Arthur J. Gallagher & Co.,-0.552843154,-0.327683985,1.303692222,-0.133415535,6.93E+09,0.1096,4214300000,3445300000,7.69E+08,0.0914
24,AKAM,Information Technology,Akamai Technologies Inc,0.04270459,0.573127329,-0.078937635,-1.640612602,2714474000,0.0906,1760989000,1398490000,362499000,0.1099
25,ALB,Materials,Albemarle Corp,2.221940517,-1.534243822,-0.544334352,-1.282515883,3374950000,0.0986,1217256000,516144000,701112000,0.2055
26,ALGN,Health Care,Align Technology,0.911667526,-2.324282408,1.414755821,0.630223811,1966492000,0.3347,1447867000,981303000,466564000,0.2035
27,ALK,Industrials,Alaska Air Group Inc,-1.153128505,-0.154860467,1.11863327,-0.55110985,8.26E+09,0.0469,4.42E+09,3.77E+09,6.43E+08,0.0529
28,ALL,Financials,Allstate Corp,1.662513375,-0.709179342,-0.378003299,-1.327523232,3.98E+10,0.0104,1.43E+10,5.41E+09,8.94E+09,0.0566
29,ALLE,Industrials,Allegion,-0.390073121,2.491349459,0.143299446,-1.802623034,2731700000,0.1343,1173300000,647500000,525800000,0.1592
30,ALXN,Health Care,Alexion Pharmaceuticals,-0.668981016,-0.455727488,0.95541662,-0.531832814,4131200000,0.1634,3756900000,3370800000,386100000,0.0188
31,AMAT,Information Technology,Applied Materials Inc,4.161217213,-0.951448202,-0.866232097,-1.310514569,1.73E+10,0.1868,7.82E+09,3.02E+09,4.80E+09,0.192
32,AMD,Information Technology,Advanced Micro Devices Inc,0.85490799,-0.601742864,0.885772824,-0.130810469,6.48E+09,0.2326,2.45E+09,2.00E+09,4.51E+08,0.052
33,AME,Industrials,AMETEK Inc,-2.586739302,0.559030235,1.721455455,-0.438985586,4845872000,0.1269,1659562000,584022000,1075540000,0.1605
34,AMG,Financials,Affiliated Managers Group Inc,2.444628477,-0.305912018,-0.524006784,-1.382672668,2378400000,0.0318,2378400000,1611400000,7.67E+08,0.1024
35,AMGN,Health Care,Amgen Inc,0.369705617,-0.959275842,0.446930587,-0.746894121,2.37E+10,0.0393,1.96E+10,9.38E+09,1.03E+10,0.3535
36,AMP,Financials,Ameriprise Financial,-1.33850944,3.380372763,1.021275043,-1.298984885,1.28E+10,0.0579,1.05E+10,7.13E+09,3.40E+09,0.1635
37,AMT,Real Estate,American Tower Corp A,1.751856089,-0.73735702,-0.464684427,-1.410367489,7440100000,0.1165,5262300000,3357300000,1.91E+09,0.1662
38,AMZN,Consumer Discretionary,Amazon.com Inc,0.374085039,-2.200248003,1.473700285,0.521097183,2.33E+11,0.3093,9.37E+10,8.13E+10,1.24E+10,0.0433
39,ANSS,Information Technology,ANSYS,0.632066846,-1.740436792,1.143773675,0.236568064,1293636000,0.1811,1137751000,661177000,476574000,0.3242
40,ANTM,Health Care,Anthem Inc.,0.93739748,-0.39548558,0.650634587,-0.406902134,9.21E+10,0.0229,2.02E+10,1.44E+10,5.83E+09,0.0407
41,AON,Financials,Aon plc,0.859133244,1.352063298,0.359719515,-1.038332462,1.08E+10,0.0772,1.08E+10,9.23E+09,1.54E+09,0.1053
42,AOS,Industrials,A.O. Smith Corp,0.509583235,0.286456883,-0.046587188,-1.40731144,3187900000,0.0638,1305500000,760500000,5.45E+08,0.1393
43,APA,Energy,Apache Corporation,2.666809559,-0.555601776,-0.415571153,-1.167219043,7.35E+09,0.2482,2.44E+09,1.08E+09,1.36E+09,0.0054
44,APD,Materials,Air Products & Chemicals Inc,1.546167731,-0.00834202,-0.165535554,-1.252779722,8930200000,0.0907,2740700000,775100000,1965600000,0.1677
45,APH,Information Technology,Amphenol Corp,0.297923774,-0.538353205,0.809317768,-0.416562766,8.20E+09,0.1698,2654900000,9.68E+08,1686900000,0.1469
46,APTV,Consumer Discretionary,Aptiv Plc,-0.057631288,-0.176800534,0.675816238,-0.706253588,1.44E+10,0.1204,2.73E+09,1.26E+09,1.47E+09,0.0739
47,ARE,Real Estate,Alexandria Real Estate Equities Inc,-0.623889566,-0.507309794,1.15108192,-0.301897347,1327459000,0.1767,946339000,574377000,371962000,0.2857
48,ARNC,Industrials,Arconic Inc,-0.956657291,-1.055786967,1.447567582,-0.004627489,1.40E+10,0.0813,2.62E+09,1.29E+09,1.33E+09,0.0458
49,ATVI,Information Technology,Activision Blizzard,2.482999325,-0.701825082,-0.222120568,-0.939313769,7.50E+09,0.0688,4.98E+09,3.00E+09,1.99E+09,0.2417
50,AVB,Real Estate,"AvalonBay Communities, Inc.",0.604974628,-0.26432848,0.108488619,-1.143962741,2284535000,0.0583,1513975000,692085000,821890000,0.4266
51,AVGO,Information Technology,Broadcom,1.118478179,-0.2380068,0.222042695,-0.882926881,2.08E+10,0.1821,1.07E+10,5.60E+09,5.14E+09,0.588
52,AVY,Materials,Avery Dennison Corp,-1.85407865,0.097980648,1.826925397,-0.027691815,7.16E+09,0.0824,1915500000,1127500000,7.88E+08,0.0653
53,AWK,Utilities,American Water Works Company Inc,2.88381958,0.619060099,-0.79934293,-1.759228706,3.44E+09,0.0247,1.96E+09,5.82E+08,1.38E+09,0.1648
54,AXP,Financials,American Express Co,-1.273243427,0.334065974,1.60150218,-0.124126442,3.70E+10,0.0841,3.70E+10,2.89E+10,8.12E+09,0.1871
55,AYI,Industrials,Acuity Brands Inc,-0.862373531,-0.397683233,1.372729182,-0.14582929,3680100000,0.0499,1485400000,1024600000,460800000,0.095
56,AZO,Consumer Discretionary,AutoZone Inc,0.925558031,-1.119005919,0.949243426,0.00951811,11221077000,0.0305,5973746000,4162890000,1810856000,0.1192
57,BA,Industrials,Boeing Company,-0.787385881,0.18556872,0.960573435,-0.649587631,1.01E+11,0.0758,1.96E+10,7.73E+09,1.19E+10,0.1034
58,BAC,Financials,Bank of America Corp,0.22939454,-0.630379498,0.803015292,-0.403806895,9.12E+10,0.0446,9.12E+10,5.34E+10,3.79E+10,0.3085
59,BAX,Health Care,Baxter International Inc.,1.022938848,-0.662743747,0.346525192,-0.679254532,1.11E+10,0.0536,4.78E+09,3.18E+09,1.60E+09,0.146
60,BBT,Financials,BB&T Corporation,4.642396927,0.791687489,-0.556176066,-1.215001464,1.10E+10,0.0206,1.10E+10,6.93E+09,4.06E+09,0.2945
61,BBY,Consumer Discretionary,Best Buy Co. Inc.,-1.380149245,-0.559078634,1.521769524,-0.113533266,4.22E+10,0.0697,9.88E+09,8.03E+09,1.84E+09,0.0237
62,BDX,Health Care,Becton Dickinson,0.014655462,-0.021978503,0.803115606,-0.561779261,1.60E+10,0.3217,7.26E+09,5.77E+09,1.50E+09,0.0195
63,BEN,Financials,Franklin Resources,-1.360857487,-0.617286265,1.3073107,-0.352035433,6319100000,-0.0114,6319100000,4200500000,2118600000,0.121
64,BHF,Financials,Brighthouse Financial Inc,-2.738532305,0.862311721,1.707523584,-0.571543574,8.97E+09,0.3103,4.61E+09,3.63E+09,9.89E+08,0.0965
65,BIIB,Health Care,Biogen Inc.,1.039694786,-1.333937049,0.70015949,-0.203129336,13452900000,0.0961,11636600000,5.75E+09,5888600000,0.3293
66,BK,Financials,The Bank of New York Mellon Corp.,0.081421465,-0.616887569,0.394452095,-0.917613149,1.64E+10,0.0546,1.64E+10,1.12E+10,5.18E+09,0.2602
67,BLK,Financials,BlackRock,3.033363819,1.130478978,0.156674057,-0.645248711,1.42E+10,0.044,1.15E+10,6.07E+09,5.46E+09,0.3032
68,BLL,Materials,Ball Corp,1.436358333,0.977627635,0.396267772,-0.78807044,1.16E+10,0.0594,2.31E+09,1.37E+09,9.35E+08,0.039
69,BMY,Health Care,Bristol-Myers Squibb,1.863824129,-0.157234773,-0.157514557,-1.140286922,2.26E+10,0.0859,1.60E+10,1.00E+10,5.97E+09,0.2181
70,BSX,Health Care,Boston Scientific,1.623255014,-0.671180129,0.176487863,-0.722369373,9.82E+09,0.0857,7.01E+09,5.50E+09,1.51E+09,0.1701
71,BWA,Consumer Discretionary,BorgWarner,1.415440917,-0.559011877,0.36950016,-0.566719472,10529600000,0.0745,2229400000,1039500000,1189900000,0.0884
72,BXP,Real Estate,Boston Properties,-1.845268011,3.415465593,1.224173665,-1.250861406,2717076000,0.0442,1704062000,778565000,925497000,0.2145
73,C,Financials,Citigroup Inc.,2.782934904,-0.498086423,-0.309183002,-0.976181865,7.29E+10,0.0057,6.53E+10,4.18E+10,2.34E+10,0.2477
74,CA,Information Technology,"CA, Inc.",0.262518019,-1.702405095,1.345121264,0.333580017,4.24E+09,NA,3.64E+09,2.49E+09,1.15E+09,0.112396694
75,CAG,Consumer Staples,Conagra Brands,1.981976509,-0.253619522,-0.028538281,-0.922793567,7938300000,0.0142,2351500000,1.32E+09,1033500000,0.1018
76,CAH,Health Care,Cardinal Health Inc.,-1.099414468,-0.777788639,1.712587237,0.179568425,1.37E+11,0.0526,7.18E+09,7.08E+09,1.03E+08,0.0019
77,CAT,Industrials,Caterpillar Inc.,-0.865822732,0.642945766,0.785930693,-0.933772564,5.47E+10,0.2037,1.70E+10,8.71E+09,8.29E+09,0.1123
78,CB,Financials,Chubb Limited,-1.605692506,0.210729465,1.504481077,-0.317564666,3.27E+10,0.0147,1.41E+10,8.76E+09,5.30E+09,0.1211
79,CBOE,Financials,CBOE Holdings,-1.652157545,0.670894444,-0.208986625,-2.328542709,2768800000,0.2421,1216900000,617500000,599400000,0.154
80,CBS,Consumer Discretionary,CBS Corp.,4.397516251,1.108609676,0.040800449,-0.505967736,1.45E+10,0.06,5.40E+09,2.70E+09,2.70E+09,0.135
81,CCI,Real Estate,Crown Castle International Corp.,1.064278245,-0.749337852,0.936213791,-0.009528417,5.42E+09,0.2449,3.58E+09,2.14E+09,1.43E+09,0.1237
82,CCL,Consumer Discretionary,Carnival Corp.,-0.38419053,-0.24703303,1.406348586,0.02852083,1.89E+10,0.0783,7.79E+09,4.47E+09,3.33E+09,0.1669
83,CDNS,Information Technology,Cadence Design Systems,-1.269181371,0.523210108,1.006512165,-0.792310536,2138022000,0.1004,1879275000,1483066000,396209000,0.1617
84,CELG,Health Care,Celgene Corp.,-1.704765797,4.251582146,1.139734626,-1.455477118,1.53E+10,0.1752,1.47E+10,9.50E+09,5.19E+09,0.2648
85,CERN,Health Care,Cerner,-2.379868507,3.240231514,1.375938654,-1.201068997,5366325000,0.0436,4428977000,3654192000,774785000,0.1174
86,CF,Materials,CF Industries Holdings Inc,-1.996813416,0.721928954,1.297640204,-0.723954082,4.43E+09,0.0724,9.17E+08,1.87E+08,7.30E+08,0.0655
87,CFG,Financials,Citizens Financial Group,-1.072816014,2.830385208,0.837926805,-1.301480651,5.80E+09,0.0772,5.80E+09,3.62E+09,2.18E+09,0.2916
88,CHD,Consumer Staples,Church & Dwight,-1.671401143,-0.660336494,1.726073027,0.030017713,4145900000,0.0979,1840800000,1049100000,791700000,0.1371
89,CHK,Energy,Chesapeake Energy,-0.256585062,-1.493697643,1.27218473,0.059648894,1.02E+10,0.0774,3.01E+09,2.13E+09,8.82E+08,0.0853
90,CHRW,Industrials,C. H. Robinson Worldwide,4.731361866,1.034373283,-0.418795526,-1.037296772,16631172000,0.1185,2705235000,1793152000,912083000,0.04
91,CHTR,Consumer Discretionary,Charter Communications,0.935720027,-0.397337467,0.456221253,-0.611346245,4.36E+10,0.0494,4.36E+10,3.83E+10,5.34E+09,0.0282
92,CI,Health Care,CIGNA Corp.,-0.148339152,-0.884672046,1.171769619,-0.097985856,4.87E+10,0.1637,1.63E+10,1.22E+10,4.16E+09,0.0542
93,CINF,Financials,Cincinnati Financial,-0.430525959,-0.118300311,1.472086668,0.067853294,5.41E+09,-0.0567,1.92E+09,1.61E+09,3.04E+08,0.0531
94,CL,Consumer Staples,Colgate-Palmolive,-0.19114849,1.294895411,-0.300302863,-2.08295846,1.55E+10,0.0058,9.23E+09,5.54E+09,3.69E+09,0.1544
95,CLX,Consumer Staples,The Clorox Company,-1.405281305,1.202476978,0.835338414,-1.116571188,6.12E+09,0.0253,2.68E+09,1.54E+09,1.14E+09,0.1344
96,CMA,Financials,Comerica Inc.,-0.735301852,-0.540960491,1.492653012,0.054293029,3.33E+09,0.076,3.33E+09,1.79E+09,1.54E+09,0.371
97,CMCSA,Consumer Discretionary,Comcast Corp.,0.292835176,-1.120443225,0.894396901,-0.239424527,9.45E+10,0.1115,9.45E+10,7.55E+10,1.90E+10,0.1241
98,CME,Financials,CME Group Inc.,-2.021436214,1.363851428,1.120173573,-1.034657598,4309400000,0.1824,4309400000,1701800000,2607600000,0.4553
99,CMG,Consumer Discretionary,Chipotle Mexican Grill,-2.227539778,1.330442667,1.456058741,-0.73807174,4864985000,0.0868,910992000,652624000,258368000,0.0363
100,CMI,Industrials,Cummins Inc.,0.440938264,-0.258995533,0.610082448,-0.591959477,2.38E+10,0.1636,5.74E+09,3.30E+09,2.44E+09,0.0901
101,CMS,Utilities,CMS Energy,0.683710933,-0.46043846,0.785933435,-0.32843262,6.87E+09,0.0441,2.40E+09,9.33E+08,1.47E+09,0.0956
102,CNC,Health Care,Centene Corporation,-0.460371137,-0.49848184,0.875802457,-0.559711337,6.01E+10,0.2425,8.42E+09,6.96E+09,1.46E+09,0.015
103,CNP,Utilities,CenterPoint Energy,0.077033535,0.107944921,0.583207309,-0.806326985,1.06E+10,0.1014,2.07E+09,1.24E+09,8.31E+08,0.0348
104,COF,Financials,Capital One Financial,0.390313923,-2.065607071,1.410033464,0.4556503,2.22E+10,0.1287,2.22E+10,1.49E+10,7.32E+09,0.2707
105,COG,Energy,Cabot Oil & Gas,-0.367157519,-0.290767312,0.643589556,-0.810307801,2188148000,0.2403,1414931000,644267000,770664000,0.2546
106,COL,Industrials,Rockwell Collins,0.542961121,-0.658629119,0.459465385,-0.709224582,8.67E+09,NA,2.28E+09,8.17E+08,1.47E+09,0.119099827
107,COO,Health Care,The Cooper Companies,0.345223367,-0.637360632,0.308206111,-0.935607851,2532800000,0.1841,1632300000,1229200000,403100000,0.0552
108,COP,Energy,ConocoPhillips,-0.120963857,-0.109632991,1.604366183,0.288705081,3.87E+10,0.1885,1.82E+10,7.13E+09,1.10E+10,0.1616
109,COST,Consumer Staples,Costco Wholesale Corp.,-1.527710557,3.91067338,1.175296426,-1.276981831,1.42E+11,0.0973,1.84E+10,1.39E+10,4.48E+09,0.0221
110,COTY,Consumer Staples,"Coty, Inc",-0.398322731,-0.477041394,0.73382926,-0.688862681,9.40E+09,0.2284,5790200000,5636900000,153300000,-0.018
111,CPB,Consumer Staples,Campbell Soup,-0.674293935,0.136357874,1.081307411,-0.470540375,6.62E+09,0.1333,2.37E+09,1.36E+09,1.01E+09,0.0395
112,CRM,Information Technology,Salesforce.com,2.464410305,-0.135857135,-0.249984562,-1.06840682,1.05E+10,0.2493,7.77E+09,7.31E+09,4.54E+08,0.0342
113,CSCO,Information Technology,Cisco Systems,-0.467617631,-0.359888673,1.033575296,-0.392970711,4.93E+10,0.0276,3.06E+10,1.83E+10,1.23E+10,0.0022
114,CSX,Industrials,CSX Corp.,-1.957386136,4.133430958,1.584946752,-1.037552714,1.23E+10,0.0738,4.77E+09,0,4.77E+09,0.2701
115,CTAS,Industrials,Cintas Corporation,3.165313005,1.665432811,-0.450598627,-1.479891062,6476632000,0.2166,2908523000,1958689000,949834000,0.1301
116,CTL,Telecommunication Services,CenturyLink Inc,2.587433815,0.035250995,-0.179253459,-0.981248856,2.34E+10,0.3278,1.26E+10,1.20E+10,5.70E+08,-0.0739
117,CTSH,Information Technology,Cognizant Technology Solutions,-2.052432775,-0.323672056,2.161625147,0.328828037,1.61E+10,0.0888,6.29E+09,3.49E+09,2.80E+09,0.1303
118,CTXS,Information Technology,Citrix Systems,2.149790287,-0.557388127,-0.393740207,-1.25937295,2973903000,0.0528,2540100000,1862140000,677960000,0.1936
119,CVS,Consumer Staples,CVS Health,-1.869273186,4.135510921,1.090615273,-1.541772366,1.95E+11,0.053,3.15E+10,2.75E+10,4.02E+09,-0.0031
120,CVX,Energy,Chevron Corp.,-0.715023339,-1.705746293,1.711875439,0.407131583,1.66E+11,0.1737,4.64E+10,2.50E+10,2.13E+10,0.0891
121,CXO,Energy,Concho Resources,0.368899524,-0.107065521,0.940225065,-0.275325865,4.15E+09,0.6052,3.20E+09,1.10E+09,2.10E+09,0.5507
122,D,Utilities,Dominion Energy,-1.381373405,-0.534296036,1.889626861,0.285961837,1.34E+10,0.062,5.62E+09,2.02E+09,3.60E+09,0.1831
123,DAL,Industrials,Delta Air Lines Inc.,-1.264717102,-0.066741981,1.428627253,-0.256850988,4.44E+10,0.0802,2.65E+10,2.12E+10,5.26E+09,0.0886
124,DE,Industrials,Deere & Co.,-1.421093345,3.308568239,0.999576151,-1.325836062,37357700000,0.2562,11786500000,6512200000,5274300000,0.0634
125,DFS,Financials,Discover Financial Services,2.342697144,1.313905954,0.929532111,-0.001870844,7.67E+09,0.0486,7.67E+09,4.08E+09,3.60E+09,0.3504
126,DG,Consumer Discretionary,Dollar General,1.801417947,-0.613936365,-0.001469208,-0.878176808,23470967000,0.0675,7221359000,5213541000,2007818000,0.0656
127,DGX,Health Care,Quest Diagnostics,-0.654071868,-0.828688979,1.455975652,0.088158488,7.53E+09,0.0174,2.61E+09,1.50E+09,1.10E+09,0.0977
128,DHI,Consumer Discretionary,D. R. Horton,-0.90526706,-0.313631833,1.141231775,-0.424667925,1.61E+10,0.1403,3669900000,1.66E+09,2011900000,0.0909
129,DHR,Health Care,Danaher Corp.,0.091802403,0.325933516,0.401005596,-1.031522989,1.99E+10,0.0853,11107100000,7703300000,3403800000,0.1333
130,DIS,Consumer Discretionary,The Walt Disney Company,2.671110392,-0.672347307,-0.048800476,-0.744485438,5.94E+10,0.0779,2.67E+10,1.19E+10,1.48E+10,0.212
131,DISCA,Consumer Discretionary,Discovery Communications-A,1.981606603,-0.05197819,-0.211720198,-1.181753278,1.06E+10,0.5354,6.62E+09,4.77E+09,1.85E+09,0.0563
132,DISCK,Consumer Discretionary,Discovery Communications-C,0.91072613,-0.731420398,0.741005659,-0.266775727,1.06E+10,NA,6.62E+09,4.02E+09,2.60E+09,0.058182507
133,DISH,Consumer Discretionary,Dish Network,2.433564425,0.108243786,0.304024726,-0.471302778,13621302000,-0.0535,4354553000,2206932000,2147621000,0.1156
134,DLR,Real Estate,Digital Realty Trust Inc,1.177564502,-0.518264234,0.49382627,-0.484258026,3046478000,0.2394,1959897000,1410110000,549787000,0.1087
135,DLTR,Consumer Discretionary,Dollar Tree,-0.204994038,-1.79582727,1.859779239,0.731610596,22245500000,0.0737,7021900000,5022800000,1999100000,0.0771
136,DOV,Industrials,Dover Corp.,-0.444543243,0.722499847,1.827507138,0.344931454,6992118000,0.0251,2559556000,1716444000,843112000,0.0816
137,DRE,Real Estate,Duke Realty Corp,2.674355507,1.362160921,-0.106902055,-1.112553716,947870000,0.2138,595617000,156705000,438912000,0.4048
138,DRI,Consumer Discretionary,Darden Restaurants,-1.071259379,-0.336924523,1.096247792,-0.508829951,8080100000,0.1269,1745400000,978600000,766800000,0.0738
139,DTE,Utilities,DTE Energy Co.,-1.835417867,0.813971877,1.373332858,-0.620137751,1.42E+10,0.1273,3.15E+09,1.56E+09,1.59E+09,0.0788
140,DUK,Utilities,Duke Energy,-2.208774567,-0.221171528,2.258897543,0.391737998,2.45E+10,0.0406,9.25E+09,4.16E+09,5.09E+09,0.1087
141,DVA,Health Care,DaVita Inc.,-0.095917679,-0.913155735,1.027431011,-0.225096807,11404851000,0.0486,3209338000,1679030000,1530308000,0.014
142,DVN,Energy,Devon Energy Corp.,-0.670270681,-0.989319861,1.42073977,0.034812067,1.07E+10,0.2091,4.15E+09,2.63E+09,1.51E+09,0.2854
143,DXC,Information Technology,DXC Technology,-0.724981546,0.176047579,0.914024413,-0.6885764,2.17E+10,1.857,5.42E+09,3.88E+09,1.54E+09,0.0806
144,EA,Information Technology,Electronic Arts,1.324296117,-0.285626769,-0.278536528,-1.354737997,5.15E+09,0.063,3.87E+09,2.44E+09,1.43E+09,0.2025
145,EBAY,Information Technology,eBay Inc.,-1.029065967,-0.834368587,1.150411725,-0.383831054,1.07E+10,0.0825,8.36E+09,6.14E+09,2.22E+09,0.2354
146,ECL,Materials,Ecolab Inc.,-0.818500638,-0.715257645,1.128942251,-0.363165021,14668200000,0.0602,6042300000,4095300000,1.95E+09,0.0974
147,ED,Utilities,Consolidated Edison,0.09979964,-0.758637786,0.888874114,-0.319463342,1.23E+10,0.0253,6.24E+09,3.57E+09,2.66E+09,0.112
148,EFX,Industrials,Equifax Inc.,-0.885750413,0.584516466,1.204638958,-0.463250727,3412100000,0.0148,1971700000,1523700000,4.48E+08,0.0879
149,EIX,Utilities,Edison Int'l,-1.721772552,4.054930687,1.00137496,-1.54912293,1.27E+10,0.0274,4.45E+09,5.01E+09,-5.52E+08,-0.0239
150,EL,Consumer Staples,Estee Lauder Cos.,-0.007358757,-0.675843,0.805515111,-0.473550171,1.37E+10,0.1572,1.08E+10,8.78E+09,2.06E+09,0.081
151,EMN,Materials,Eastman Chemical,-0.689392448,0.144437283,0.954693019,-0.623800337,1.02E+10,0.063,2.48E+09,9.80E+08,1.50E+09,0.1064
152,EMR,Industrials,Emerson Electric Company,2.228786707,-2.637630463,0.608189046,0.163019389,1.74E+10,0.1405,7.43E+09,4.61E+09,2.83E+09,0.1266
153,EOG,Energy,EOG Resources,-1.04210043,1.091452599,-0.494313866,-2.539757013,17275399000,0.5413,9600224000,5130878000,4469346000,0.1979
154,EQIX,Real Estate,Equinix,0.482855469,-0.624488533,0.997210205,-0.115786552,5071654000,0.161,2466179000,1488796000,977383000,0.072
155,EQR,Real Estate,Equity Residential,-2.025882959,-0.192457706,1.648910761,-0.237119094,2578434000,0.0433,1698800000,840240000,858560000,0.255
156,EQT,Energy,EQT Corporation,-1.855562687,-1.068607211,2.142349005,0.466246039,4557868000,0.4746,2665092000,5513565000,-2848473000,-0.4925
157,ES,Utilities,Eversource Energy,-1.415763021,3.753239393,0.845044673,-1.593326092,8448201000,0.0898,3244266000,1544336000,1699930000,0.1223
158,ESS,Real Estate,"Essex Property Trust, Inc.",-2.06713295,1.018453598,1.069825053,-1.052785873,1400053000,0.0265,983657000,533529000,450128000,0.2787
159,ETFC,Financials,E*Trade,-1.377315402,0.634415984,-0.136521861,-2.144904375,2.87E+09,0.2143,2.87E+09,1.45E+09,1.42E+09,0.3662
160,ETN,Industrials,Eaton Corporation,-1.046315193,0.545705319,1.143826127,-0.59152472,2.16E+10,0.0591,7.10E+09,4.41E+09,2.69E+09,0.0993
161,ETR,Utilities,Entergy Corp.,0.951780319,-0.257714361,0.811915457,-0.221591637,11009452000,-0.0059,3060685000,2591320000,469365000,0.0783
162,EW,Health Care,Edwards Lifesciences,-1.91909039,4.194496155,1.169554949,-1.494243741,3722800000,0.0837,2783400000,2033800000,749600000,0.194
163,EXC,Utilities,Exelon Corp.,0.502916753,-0.510563314,0.030245364,-1.211141229,3.60E+10,0.0721,8.20E+09,4.30E+09,3.90E+09,0.0559
164,EXPD,Industrials,Expeditors International,1.448594332,-0.898582697,0.38103205,-0.504969955,8138365000,0.1759,2620373000,1823810000,796563000,0.076
165,EXPE,Consumer Discretionary,Expedia Inc.,0.243455499,0.59998101,0.510263145,-0.904379189,1.12E+10,0.1156,9.26E+09,8.54E+09,7.14E+08,0.0362
166,EXR,Real Estate,Extra Space Storage,-1.657590985,3.93265295,0.972864866,-1.574439287,1196604000,0.0829,879202000,290306000,588896000,0.3471
167,F,Consumer Discretionary,Ford Motor,1.575472713,-0.358317584,-0.349919677,-1.377415895,1.60E+11,0.0227,1.46E+10,1.14E+10,3.20E+09,0.0229
168,FAST,Industrials,Fastenal Co,2.068912506,-0.583542049,0.359954566,-0.445884049,4965100000,0.1309,2398900000,1399700000,999200000,0.1514
169,FB,Information Technology,"Facebook, Inc.",0.422639251,-0.2887595,0.96868223,-0.221116155,5.58E+10,0.3735,4.65E+10,2.16E+10,2.49E+10,0.396
170,FBHS,Industrials,Fortune Brands Home & Security,-1.545109749,3.948832035,1.35746479,-1.067133427,5485100000,0.0382,1959400000,1364200000,595200000,0.071
171,FCX,Materials,Freeport-McMoRan Inc.,-0.454281718,0.37127167,0.960182846,-0.577502072,1.86E+10,0.1356,5.18E+09,4.29E+08,4.75E+09,0.1397
172,FDX,Industrials,FedEx Corporation,-0.12857312,2.869870901,0.438770622,-1.439613461,6.55E+10,0.0851,4.10E+10,3.67E+10,4.27E+09,0.0699
173,FE,Utilities,FirstEnergy Corp,-0.439026773,-0.261002272,0.770752966,-0.687984288,1.13E+10,0.0305,4.48E+09,9.86E+08,3.50E+09,0.1197
174,FFIV,Information Technology,F5 Networks,1.641575217,-0.421808511,-0.364958972,-1.374941826,2161407000,0.0341,1799926000,1209027000,590899000,0.2099
175,FIS,Information Technology,Fidelity National Information Services,1.063646078,0.519492924,0.87475431,-0.251973152,8.42E+09,-0.0283,2.85E+09,1.40E+09,1.46E+09,0.1004
176,FISV,Information Technology,Fiserv Inc,-1.364445686,-1.214492679,1.862989545,0.319710434,5.82E+09,0.0223,2.75E+09,1.00E+09,1.75E+09,0.2038
177,FITB,Financials,Fifth Third Bancorp,1.51299262,-0.111155622,-0.12187501,-1.157410383,6.69E+09,-0.0101,6.69E+09,3.93E+09,2.77E+09,0.3277
178,FL,Consumer Discretionary,Foot Locker Inc,-1.335713506,-0.704760611,1.162108183,-0.497134626,7.78E+09,0.0021,2.46E+09,1.89E+09,5.71E+08,0.0365
179,FLIR,Information Technology,FLIR Systems,-2.159071445,0.096712679,1.705913544,-0.241459146,1775686000,-0.0137,900318000,568004000,332314000,0.1591
180,FLR,Industrials,Fluor Corp.,-2.031518459,0.492387772,1.848329306,-0.132708877,19166599000,-0.0182,669924000,147958000,521966000,0.0117
181,FLS,Industrials,Flowserve Corporation,-0.141326651,-0.805957258,1.031989098,-0.243354589,3832666000,0.0469,1187836000,932571000,255265000,0.0312
182,FMC,Materials,FMC Corporation,2.482941389,-1.002116561,-0.221172869,-0.908893108,4727800000,0.6424,2086900000,1206400000,880500000,0.1062
183,FOX,Consumer Discretionary,Twenty-First Century Fox Class B,1.566799164,0.631155491,0.214902565,-0.876518309,NA,NA,3.65E+09,7.95E+09,2.21E+09,NA
184,FOXA,Consumer Discretionary,Twenty-First Century Fox Class A,2.639005423,-0.960768998,0.154055685,-0.498140127,1.02E+10,0.0234,3.65E+09,1.40E+09,2.25E+09,0.2154
185,FRT,Real Estate,Federal Realty Investment Trust,3.186530113,-0.37176308,-0.214625821,-0.843407035,915436000,0.0678,627566000,277845000,349721000,0.2643
186,FTI,Energy,TechnipFMC,1.272651196,-0.170853153,0.134180456,-0.947915733,12552900000,-0.1663,2279900000,3197500000,-917600000,-0.1531
187,FTV,Industrials,Fortive Corp,1.612982035,-0.642775536,0.231734157,-0.674283922,6452700000,0.121,3321300000,2142900000,1178400000,0.4516
188,GD,Industrials,General Dynamics,1.068018913,-0.561116159,0.562302411,-0.452102274,3.62E+10,0.1685,6.72E+09,2.26E+09,4.46E+09,0.0924
189,GE,Industrials,General Electric,-1.934204102,0.870985925,1.307377338,-0.738179088,1.22E+11,0.0285,2.62E+10,4.07E+10,-1.46E+10,-0.1838
190,GILD,Health Care,Gilead Sciences,-2.45E-05,-0.738741279,1.512461662,0.304404765,2.21E+10,-0.1524,1.73E+10,9.07E+09,8.20E+09,0.2465
191,GIS,Consumer Staples,General Mills,-0.854385376,2.236088753,1.285753727,-0.626226664,15740400000,0.0077,5435600000,3015700000,2419900000,0.1354
192,GLW,Information Technology,Corning Inc.,-0.842347443,-0.617306352,1.445712686,-0.020467013,1.13E+10,0.1161,4.46E+09,3.10E+09,1.36E+09,0.0944
193,GM,Consumer Discretionary,General Motors,-0.678383648,-0.070506215,1.1850034,-0.327539146,1.47E+11,0.01,1.41E+10,9.65E+09,4.45E+09,0.0545
194,GOOG,Information Technology,Alphabet Inc Class C,0.267905295,-0.112989843,0.675753534,-0.614787221,1.37E+11,NA,7.73E+10,4.59E+10,3.14E+10,0.224647162
195,GOOGL,Information Technology,Alphabet Inc Class A,1.64687109,-0.083576173,-0.225844458,-1.264196873,1.37E+11,0.2342,7.73E+10,5.09E+10,2.63E+10,0.2246
196,GPC,Consumer Discretionary,Genuine Parts,-0.136015624,-0.640282333,0.978589714,-0.307043523,18735073000,0.1488,5983787000,4874072000,1109715000,0.0433
197,GPN,Information Technology,Global Payments Inc.,1.066382051,-0.194228038,-0.032522678,-1.170113683,3366366000,-0.1532,2271352000,1534297000,737055000,0.1343
198,GPS,Consumer Discretionary,Gap Inc.,0.272888959,-1.609110355,0.98606801,-0.094734766,1.59E+10,0.0218,6.07E+09,4.59E+09,1.48E+09,0.0535
199,GRMN,Consumer Discretionary,Garmin Ltd.,-1.290284395,-0.67706418,1.673920989,0.091372013,3347444000,0.0724,1979719000,1201376000,778343000,0.2073
200,GS,Financials,Goldman Sachs Group,-2.366927624,-0.228441343,2.031704426,0.07136301,3.66E+10,0.1187,3.66E+10,2.35E+10,1.32E+10,0.2856
201,GT,Consumer Discretionary,Goodyear Tire & Rubber,-0.288102239,-1.144983649,1.667511821,0.464311987,1.55E+10,0.0064,3.51E+09,2.36E+09,1.16E+09,0.0458
202,GWW,Industrials,Grainger (W.W.) Inc.,0.846110225,-0.479226798,0.471116692,-0.646124005,1.12E+10,0.0764,4.35E+09,3.19E+09,1.16E+09,0.0697
203,HAL,Energy,Halliburton Co.,-1.989947081,4.274620533,1.364163876,-1.307466865,2.40E+10,0.1637,2.99E+09,5.19E+08,2.47E+09,0.069
204,HAS,Consumer Discretionary,Hasbro Inc.,1.636951447,-0.874012053,-0.06158958,-0.987167478,4579646000,-0.121,2728968000,2397916000,331052000,0.0481
205,HBAN,Financials,Huntington Bancshares,3.390617371,1.354562879,0.201354519,-0.623587847,4.28E+09,0.0407,4.28E+09,2.65E+09,1.63E+09,0.3258
206,HBI,Consumer Discretionary,Hanesbrands Inc,1.052163243,-0.618257642,1.416891217,0.510042787,6803955000,0.0514,2656519000,1788568000,867951000,0.0813
207,HCA,Health Care,HCA Holdings,5.774405956,1.014998794,-0.937370658,-1.574869633,4.67E+10,0.0702,1.75E+10,1.09E+10,6.64E+09,0.0811
208,HD,Consumer Discretionary,Home Depot,-1.880313039,-0.586970508,2.096779346,0.342290282,1.01E+11,0.0667,3.44E+10,1.97E+10,1.47E+10,0.0855
209,HES,Energy,Hess Corporation,-0.081339583,-0.697540164,1.059320092,-0.191611916,6.47E+09,0.1994,3.39E+09,2.72E+09,6.72E+08,-0.0436
210,HIG,Financials,Hartford Financial Svc.Gp.,3.417619467,0.648854375,-0.081208341,-0.830539286,1.90E+10,0.1045,7.79E+09,5.73E+09,2.06E+09,0.0953
211,HII,Industrials,Huntington Ingalls Industries,-0.723530769,0.004344504,0.833907425,-0.761363208,8.18E+09,0.0988,1.79E+09,8.54E+08,9.37E+08,0.1023
212,HLT,Consumer Discretionary,Hilton Worldwide Holdings Inc,-1.817716956,-0.322388321,1.759237051,-0.046445433,8.91E+09,0.0953,7.57E+09,6.14E+09,1.43E+09,0.0858
213,HOG,Consumer Discretionary,Harley-Davidson,1.874391437,-0.150880978,0.407005608,-0.461513519,5716875000,0.0123,2065022000,1351499000,713523000,0.093
214,HOLX,Health Care,Hologic,-1.71396172,1.576322198,-0.362796962,-2.688426495,3217900000,0.052,1696700000,1934600000,-237900000,-0.0346
215,HON,Industrials,Honeywell Int'l Inc.,-0.721133769,-0.336558789,1.28320694,-0.193240419,4.18E+10,0.0313,1.28E+10,6.05E+09,6.71E+09,0.1618
216,HP,Energy,Helmerich & Payne,-0.648378432,-0.064291403,1.245344639,-0.261675894,2487268000,0.3782,834658000,801694000,32964000,0.1941
217,HPE,Information Technology,Hewlett Packard Enterprise,-2.080486298,1.07483089,1.324723363,-0.78782624,3.09E+10,0.0686,9.57E+09,7.43E+09,2.14E+09,0.0618
218,HPQ,Information Technology,HP Inc.,-0.729937911,-1.056208968,1.719103932,0.359244227,5.85E+10,0.1233,1.07E+10,6.61E+09,4.06E+09,0.0911
219,HRB,Financials,Block H&R,-0.122143522,-0.763219535,0.56535244,-0.773398399,3159931000,0.0407,1420202000,668152000,752050000,0.194
220,HRL,Consumer Staples,Hormel Foods Corp.,-0.087242223,-1.83198595,1.723130941,0.641955733,9545700000,0.0413,1995433000,855484000,1139949000,0.106
221,HSIC,Health Care,Henry Schein,3.653273106,-0.777148485,-0.922916234,-1.496487498,13201995000,0.0594,3595084000,2842032000,753052000,0.0406
222,HST,Real Estate,Host Hotels & Resorts,0.704792857,-2.628749371,1.168231845,0.333300561,5.52E+09,0.0254,1.81E+09,3.82E+08,1.43E+09,0.1968
223,HSY,Consumer Staples,The Hershey Company,-1.156737208,1.260916829,-0.474161804,-2.570962191,7791069000,0.0367,3575325000,1951661000,1623664000,0.1511
224,HUM,Health Care,Humana Inc.,0.709327996,-0.386708647,0.246835262,-0.919911265,5.69E+10,0.0585,1.10E+10,7.93E+09,3.10E+09,0.0296
225,IBM,Information Technology,International Business Machines,1.083851576,-1.95131588,1.326144457,0.574449062,7.96E+10,0.0057,3.69E+10,2.49E+10,1.21E+10,0.1097
226,ICE,Financials,Intercontinental Exchange,-1.263217688,-0.24742721,1.394321918,-0.266750962,6.28E+09,0.0741,4.98E+09,2.40E+09,2.58E+09,0.3168
227,IDXX,Health Care,IDEXX Laboratories,4.356801033,-0.413753301,-1.239500165,-1.780858636,2213242000,0.124,1241542000,750207000,491335000,0.1704
228,IFF,Materials,Intl Flavors & Fragrances,0.407565147,-1.382727146,1.402139664,0.405037105,3977539000,0.1703,1682707000,1098825000,583882000,0.0848
229,ILMN,Health Care,Illumina Inc,-1.562777758,1.189274549,-0.411383748,-2.61695838,3.33E+09,0.2111,2.30E+09,1.42E+09,8.83E+08,0.2478
230,INCY,Health Care,Incyte,-1.246865869,0.391505659,1.085908175,-0.674086809,1881883000,0.225,1787760000,1632364000,155396000,0.0582
231,INFO,Industrials,IHS Markit Ltd.,-0.101711638,-0.242440596,0.688834906,-0.685287356,4009200000,0.1138,2513500000,1866600000,646900000,0.1353
232,INTC,Information Technology,Intel Corp.,-1.936310887,0.110994555,1.184877396,-0.763112724,7.08E+10,0.1289,4.37E+10,2.04E+10,2.33E+10,0.2972
233,INTU,Information Technology,Intuit Inc.,-1.267045259,4.01702404,0.649305165,-1.808352828,6.03E+09,0.1595,5.06E+09,3.50E+09,1.56E+09,0.2206
234,IP,Materials,International Paper,-1.443982244,-0.541304648,1.779086113,0.121443681,2.33E+10,0.0719,7.75E+09,4.82E+09,2.93E+09,0.0863
235,IPG,Consumer Discretionary,Interpublic Group,-2.060497522,0.460584462,1.635349274,-0.352065712,9714400000,0.0737,1378200000,369400000,1008800000,0.0637
236,IQV,Health Care,IQVIA Holdings Inc.,0.339273304,-0.027710496,0.615287483,-0.676592171,1.04E+10,0.0732,3.67E+09,2.93E+09,7.41E+08,0.0249
237,IR,Industrials,Ingersoll-Rand PLC,-0.358739853,-0.047726028,0.720630348,-0.747713983,15668200000,0.1036,4820600000,2903200000,1917400000,0.0854
238,IRM,Real Estate,Iron Mountain Incorporated,2.884266615,0.632669747,-0.079278901,-0.961420834,4225761000,0.0989,2424179000,1613343000,810836000,0.086
239,ISRG,Health Care,Intuitive Surgical Inc.,2.925599813,-0.575639486,-0.479567915,-1.132478118,3724200000,0.1867,2604100000,1404700000,1199400000,0.3029
240,IT,Information Technology,Gartner Inc,2.636048079,0.187935054,0.008561914,-0.819782615,3975454000,0.2005,2506654000,2246939000,259715000,0.0308
241,ITW,Industrials,Illinois Tool Works,-1.308214188,0.726083577,1.183596134,-0.646963716,1.48E+10,0.0317,6.16E+09,2.58E+09,3.58E+09,0.1736
242,IVZ,Financials,Invesco Ltd.,0.689332843,-0.099180453,0.900727391,-0.229410365,5314100000,0.0298,5314100000,4109200000,1204900000,0.1661
243,JBHT,Industrials,J. B. Hunt Transport Services,1.242642641,-0.579482973,0.799191356,-0.14236635,8614874000,0.1982,3366714000,2685693000,681021000,0.0568
244,JCI,Industrials,Johnson Controls International,1.771293879,-2.260552406,1.263415456,0.72552979,2.34E+10,0.0247,7.67E+09,5.90E+09,1.77E+09,0.0924
245,JEC,Industrials,Jacobs Engineering Group,0.205182374,-0.156417772,0.517571449,-0.797606826,14984646000,0.4951,2828370000,2180399000,647971000,0.0109
246,JNJ,Health Care,Johnson & Johnson,-1.252199054,-0.285548419,1.319526076,-0.35954681,8.16E+10,0,5.46E+10,3.47E+10,2.02E+10,0.1875
247,JNPR,Information Technology,Juniper Networks,0.710475266,1.005278826,0.291462928,-1.089906812,4647500000,-0.0755,2741200000,2.17E+09,572200000,0.122
248,JPM,Financials,JPMorgan Chase & Co.,0.836381435,-0.340108901,-0.118593931,-1.332669616,1.09E+11,0.0827,1.09E+11,6.34E+10,4.56E+10,0.2817
249,JWN,Consumer Discretionary,Nordstrom,-0.451098323,-0.240331098,1.315093517,-0.096664652,1.55E+10,0.0489,5.59E+09,4.66E+09,9.26E+08,0.0282
250,K,Consumer Staples,Kellogg Co.,-1.689661145,-0.22149232,1.65042007,-0.119414516,1.35E+10,0.0539,4.73E+09,3.02E+09,1.71E+09,0.0986
251,KEY,Financials,KeyCorp,-0.260228664,-0.353444368,0.974838674,-0.408263147,6.18E+09,0.0252,6.18E+09,3.98E+09,2.20E+09,0.302
252,KHC,Consumer Staples,Kraft Heinz Co,0.170472339,0.273172379,0.385252208,-1.020589232,2.63E+10,0.0074,8.92E+09,1.91E+10,-1.02E+10,-0.388
253,KIM,Real Estate,Kimco Realty,0.015577408,-0.47459507,0.868815899,-0.415680617,1164762000,-0.03,836203000,483637000,352566000,0.4274
254,KLAC,Information Technology,KLA-Tencor Corp.,-0.764852285,-0.282282442,1.076950669,-0.455302,4036701000,0.16,2590660000,1020353000,1570307000,0.1987
255,KMB,Consumer Staples,Kimberly-Clark,0.828319013,0.111927062,0.10408397,-1.143354297,1.85E+10,0.0075,5.60E+09,3.37E+09,2.23E+09,0.0763
256,KMI,Energy,Kinder Morgan,-1.837604761,3.148470879,1.1116395,-1.280812025,1.41E+10,0.032,6.86E+09,3.06E+09,3.79E+09,0.1138
257,KMX,Consumer Discretionary,Carmax Inc,-0.060808185,-0.32370168,0.774723709,-0.544167399,17120209000,0.0784,2328859000,1195869000,1132990000,0.0388
258,KO,Consumer Staples,Coca-Cola Company (The),-1.52640605,-0.369702846,1.838918328,0.146115944,3.19E+10,-0.1004,2.01E+10,1.14E+10,8.70E+09,0.202
259,KR,Consumer Staples,Kroger Co.,0.367300481,0.204976857,0.331779033,-1.006147981,1.23E+11,0.0635,2.70E+10,2.44E+10,2.61E+09,0.0155
260,KSS,Consumer Discretionary,Kohl's Corp.,1.045493126,0.150921792,0.266013265,-0.890804946,2.01E+10,0.0205,7.91E+09,6.49E+09,1.42E+09,0.0428
261,KSU,Industrials,Kansas City Southern,1.008788347,0.222592205,0.434458733,-0.718056679,2.71E+09,0.0508,1773100000,786800000,986300000,0.2312
262,L,Financials,Loews Corp.,0.350440681,-1.718338966,1.634289742,0.647195935,1.41E+10,0.0241,6.24E+09,4.83E+09,1.41E+09,0.0452
263,LB,Consumer Discretionary,L Brands Inc.,-0.826871514,1.320251465,-0.495608091,-2.503943682,1.26E+10,0.0046,4.96E+09,3.23E+09,1.73E+09,0.0778
264,LEG,Consumer Discretionary,Leggett & Platt,-0.821786702,-0.432089359,1.34317708,-0.160127267,4269500000,0.0826,888700000,4.51E+08,437700000,0.0716
265,LEN,Consumer Discretionary,Lennar Corp.,-1.233172774,-0.121720485,1.414756775,-0.234192416,20571631000,0.6267,2334185000,496914000,1837271000,0.0824
266,LH,Health Care,Laboratory Corp. of America Holding,-2.029123068,0.512990356,1.678638697,-0.326572567,11333400000,0.0995,3176400000,1850700000,1325700000,0.078
267,LKQ,Consumer Discretionary,LKQ Corporation,2.105419159,-0.567505419,-0.279910743,-1.142062426,11876674000,0.2198,4574857000,3692616000,882241000,0.0404
268,LLY,Health Care,Lilly (Eli) & Co.,-0.02011966,-0.790588081,1.707927227,0.53213048,24555700000,0.0736,18125700000,1.43E+10,3795700000,0.1316
269,LMT,Industrials,Lockheed Martin Corp.,-1.302289486,-0.004641972,1.312982917,-0.38345483,5.38E+10,0.0761,7.27E+09,0,7.27E+09,0.0939
270,LNC,Financials,Lincoln National,-1.871733785,0.821782231,-0.520519257,-2.854419947,1.64E+10,0.152,2.26E+09,7.60E+07,2.18E+09,0.0999
271,LNT,Utilities,Alliant Energy Corp,-1.520127892,1.484863639,-0.575241864,-2.862714767,3534500000,0.045,1201300000,506900000,694400000,0.1478
272,LOW,Consumer Discretionary,Lowe's Cos.,-1.568058968,-0.210928336,1.284664154,-0.492509067,6.86E+10,0.0554,2.24E+10,1.58E+10,6.59E+09,0.0502
273,LRCX,Information Technology,Lam Research,1.270128965,-2.403988123,1.209699869,0.519011676,11076998000,0.3823,5165032000,1951733000,3213299000,0.2149
274,LUV,Industrials,Southwest Airlines,0.719593942,-0.252389669,0.373665184,-0.801937163,2.20E+10,0.0387,1.49E+10,1.17E+10,3.21E+09,0.1122
275,LYB,Materials,LyondellBasell,-1.158095598,-1.716122746,1.644870996,0.223505184,3.90E+10,0.1311,6.48E+09,1.24E+09,5.23E+09,0.1202
276,M,Consumer Discretionary,Macy's Inc.,-1.093914032,-0.046440825,1.269009113,-0.368404061,2.49E+10,-0.0374,9.76E+09,8.70E+09,1.06E+09,0.0628
277,MA,Information Technology,Mastercard Inc.,-1.042945504,0.174693719,1.043417215,-0.646638691,1.50E+10,0.1963,1.50E+10,7.67E+09,7.28E+09,0.3919
278,MAA,Real Estate,Mid-America Apartments,-1.33082962,0.695003212,0.852681637,-1.039235473,1571346000,0.0277,486999000,91531000,395468000,0.1419
279,MAC,Real Estate,Macerich,-1.88887167,0.86495769,-0.41513902,-2.710200787,960351000,-0.0335,579347000,402790000,176557000,0.0625
280,MAR,Consumer Discretionary,Marriott Int'l.,0.212165177,0.005018069,0.684202135,-0.619684875,2.08E+10,0.015,3.67E+09,1.31E+09,2.37E+09,0.0919
281,MAS,Industrials,Masco Corp.,-1.132211924,-0.773893416,1.93324542,0.427708924,8.36E+09,0.0938,2.69E+09,1.48E+09,1.21E+09,0.0878
282,MAT,Consumer Discretionary,Mattel Inc.,-0.664492071,-0.605125368,1.538088441,0.12956886,4514810000,-0.0751,1798683000,2033032000,-234349000,-0.1181
283,MCD,Consumer Discretionary,McDonald's Corp.,-0.200327158,-0.907729685,1.237696409,-0.023578169,21025200000,-0.0787,1.08E+10,1963400000,8822600000,0.2818
284,MCHP,Information Technology,Microchip Technology,-1.822510362,4.173969746,1.255764484,-1.334264755,3980800000,0.1681,2420700000,1484400000,936300000,0.0642
285,MCK,Health Care,McKesson Corp.,-0.389888793,0.174281821,0.893354893,-0.597732782,2.08E+11,0.0495,1.12E+10,1.06E+10,6.16E+08,3.00E-04
286,MCO,Financials,Moody's Corp,4.513588905,0.967234194,-0.162132025,-0.697010517,4442700000,0.0568,4442700000,2574500000,1868200000,0.2948
287,MDLZ,Consumer Staples,Mondelez International,3.501408577,-0.661694229,-0.981149674,-1.623399615,2.59E+10,0.0016,1.04E+10,7.04E+09,3.31E+09,0.1303
288,MDT,Health Care,Medtronic plc,0.322096169,0.821388841,1.507033944,0.206033468,3.00E+10,0.0082,2.09E+10,1.42E+10,6.64E+09,0.1036
289,MET,Financials,MetLife Inc.,-0.774095595,-1.648652911,1.944746375,0.651481867,6.79E+10,0.0904,2.00E+10,1.37E+10,6.31E+09,0.0754
290,MGM,Consumer Discretionary,MGM Resorts International,-0.419015288,-1.106866121,1.470766902,0.195556149,11763096000,0.0894,4844221000,3522425000,1321796000,0.0397
291,MHK,Consumer Discretionary,Mohawk Industries,-0.297135919,-0.506784737,0.764468968,-0.628658712,9983634000,0.0519,2838070000,1742744000,1095326000,0.0863
292,MKC,Consumer Staples,McCormick & Co.,3.198518753,-1.037347913,-1.254225731,-1.940162301,5408900000,0.1189,2371600000,1468300000,903300000,0.1661
293,MLM,Materials,Martin Marietta Materials,-0.102375403,-0.336961389,1.081919432,-0.222203478,4244265000,0.0703,966577000,275840000,690737000,0.1107
294,MMC,Financials,Marsh & McLennan,-0.579626799,-0.483316988,1.274165988,-0.154721439,1.50E+10,0.066,1.50E+10,1.22E+10,2.76E+09,0.1104
295,MMM,Industrials,3M Company,-0.523466528,-0.919840396,1.376238346,0.024862392,3.28E+10,0.035,1.61E+10,8.88E+09,7.21E+09,0.1633
296,MNST,Consumer Staples,Monster Beverage,-1.333524823,-0.710624456,1.294177294,-0.35435462,3807183000,0.13,2295375000,1011756000,1283619000,0.2608
297,MO,Consumer Staples,Altria Group Inc,1.43024075,-0.613643944,0.705166876,-0.182081312,2.54E+10,-0.0083,1.23E+10,3.14E+09,9.12E+09,0.2745
298,MOS,Materials,The Mosaic Company,-1.082303286,-0.083783507,1.224630237,-0.429913044,9587300000,0.2939,1498400000,588900000,909500000,0.049
299,MPC,Energy,Marathon Petroleum,-0.925452054,1.104545832,-0.789319515,-2.847960234,9.71E+10,0.2884,1.10E+10,5.47E+09,5.57E+09,0.0286
300,MRK,Health Care,Merck & Co.,3.880499601,1.215596795,-0.014040779,-0.784868062,4.23E+10,0.0541,2.88E+10,2.05E+10,8.30E+09,0.1471
301,MRO,Energy,Marathon Oil Corp.,1.506342769,-0.803864479,0.590883911,-0.271872789,6.58E+09,0.3813,5.17E+09,3.50E+09,1.67E+09,0.1665
302,MS,Financials,Morgan Stanley,3.947432756,1.382830858,-0.389103293,-1.187114477,4.01E+10,0.057,4.01E+10,2.89E+10,1.12E+10,0.2181
303,MSFT,Information Technology,Microsoft Corp.,-0.119595215,-0.298276961,0.641964495,-0.737263084,1.10E+11,0.1428,7.20E+10,3.69E+10,3.51E+10,0.1502
304,MSI,Information Technology,Motorola Solutions Inc.,1.047851205,-2.450669765,1.36904788,0.638154328,7.34E+09,0.1509,3.48E+09,2.23E+09,1.26E+09,0.1316
305,MTB,Financials,M&T Bank Corp.,-1.31210041,0.908383548,-0.493044466,-2.589256048,5796302000,0.0608,5796302000,2995989000,2800313000,0.3168
306,MTD,Health Care,Mettler Toledo,-0.305988997,-0.227589905,0.628657997,-0.813369811,2935586000,0.0773,1684378000,998009000,686369000,0.1746
307,MU,Information Technology,Micron Technology,-1.703570843,-0.023070365,1.356903791,-0.470900625,3.04E+10,0.4955,1.79E+10,2.90E+09,1.50E+10,0.4651
308,MYL,Health Care,Mylan N.V.,-1.133928418,0.920274139,0.998148501,-0.83195442,11433900000,-0.0398,4001600000,3.10E+09,905600000,0.0308
309,NAVI,Financials,Navient,-1.395876288,-0.041567679,1.433525443,-0.280114502,1.57E+09,-0.718,1.57E+09,1.04E+09,5.28E+08,0.2513
310,NBL,Energy,Noble Energy Inc,0.328795195,-0.492625415,0.321846843,-0.944289506,4.99E+09,0.1715,3.79E+09,4.28E+09,-4.92E+08,-0.0132
311,NCLH,Consumer Discretionary,Norwegian Cruise Line,-1.662284493,1.27661252,-0.477600753,-2.754514694,6055126000,0.1221,2678050000,1458989000,1219061000,0.1577
312,NDAQ,Financials,"Nasdaq, Inc.",-1.729215503,2.682323933,1.293060422,-0.971353233,4.28E+09,0.0833,2.53E+09,1.50E+09,1.03E+09,0.1071
313,NEE,Utilities,NextEra Energy,-0.764373303,-0.472266704,1.222609878,-0.256904662,1.67E+10,-0.026,9.67E+09,5.39E+09,4.28E+09,0.3968
314,NEM,Materials,Newmont Mining Corporation,0.895645142,-2.366234541,1.298431277,0.507461429,7.25E+09,-0.0171,3.16E+09,2.37E+09,7.90E+08,0.047
315,NFLX,Information Technology,Netflix Inc.,-0.690986514,-0.419288725,1.180262685,-0.305156589,15794341000,0.3508,5826803000,4221577000,1605226000,0.0767
316,NI,Utilities,NiSource Inc.,0.071440339,-0.356689572,1.294074655,0.052721076,5114500000,0.0492,3353200000,3228500000,124700000,-0.0099
317,NKE,Consumer Discretionary,Nike,-1.578159332,-0.414887816,1.794023752,0.088974833,3.64E+10,0.0596,1.60E+10,1.15E+10,4.45E+09,0.0531
318,NLSN,Industrials,Nielsen Holdings,-1.751007318,1.567919254,-0.187155426,-2.496175051,6.52E+09,-0.0087,3.71E+09,4.19E+09,-4.75E+08,-0.1093
319,NOC,Industrials,Northrop Grumman Corp.,-0.622669518,-0.022225969,1.5627774,0.09459231,3.01E+10,0.1573,6.79E+09,3.01E+09,3.78E+09,0.1073
320,NOV,Energy,National Oilwell Varco Inc.,0.675670266,0.229951993,0.336672783,-0.902816594,8.45E+09,0.1573,1.44E+09,1.23E+09,2.11E+08,-0.0037
321,NRG,Utilities,NRG Energy,-0.728510916,-0.529138923,1.026433229,-0.455155671,9.48E+09,0.0445,2.37E+09,1.39E+09,9.82E+08,0.0283
322,NSC,Industrials,Norfolk Southern Corp.,-0.148781806,-0.029982548,1.267241359,-0.087141529,1.15E+10,0.086,7.99E+09,4.03E+09,3.96E+09,0.2327
323,NTAP,Information Technology,NetApp,-1.102762818,0.011711309,0.843394458,-0.860185504,5.92E+09,0.0779,3.71E+09,2.55E+09,1.16E+09,0.0196
324,NTRS,Financials,Northern Trust Corp.,-0.523439825,-0.188160092,0.61130482,-0.916113734,5974700000,0.1058,5974700000,4016900000,1957800000,0.2605
325,NUE,Materials,Nucor Corp.,0.114344917,-0.317957938,0.583447814,-0.747284114,25067279000,0.2377,4295408000,970722000,3324686000,0.0942
326,NVDA,Information Technology,Nvidia Corporation,-1.758349895,0.215063661,1.504325867,-0.367575437,9.71E+09,0.4058,5.82E+09,2.61E+09,3.21E+09,0.3137
327,NWL,Consumer Discretionary,Newell Brands,0.33775422,-0.331252664,1.124852419,-0.064977691,8630900000,-0.0964,3008800000,10837300000,-7828500000,-0.8015
328,NWSA,Consumer Discretionary,News Corp. Class A,4.76540184,1.497890115,-0.710276663,-1.453517795,9.02E+09,0.1087,4.12E+09,3.87E+09,2.48E+08,-0.1678
329,O,Real Estate,Realty Income Corporation,-1.319517255,-0.276187629,1.574137807,-0.071270384,1327838000,0.0922,1261512000,625554000,635958000,0.2738
330,OKE,Energy,ONEOK,0.406161785,-0.568375707,1.295131326,0.180331141,12593196000,0.0344,3066566000,1246030000,1820536000,0.0915
331,OMC,Consumer Discretionary,Omnicom Group,-1.162857056,0.456680328,-0.130119517,-2.050045252,15290200000,0.0011,15290200000,13335100000,1955100000,0.0867
332,ORCL,Information Technology,Oracle Corp.,-0.467441052,-1.530733943,1.613994718,0.378930152,3.94E+10,0.0421,3.13E+10,1.81E+10,1.33E+10,0.0911
333,ORLY,Consumer Discretionary,O'Reilly Automotive,1.295069337,-0.70467037,0.456046253,-0.491701901,9536428000,0.0622,5039966000,3224782000,1815184000,0.1389
334,OXY,Energy,Occidental Petroleum,-1.849809408,0.545375228,-0.127196774,-2.283941507,1.89E+10,0.4264,7.95E+09,2.28E+09,5.67E+09,0.2182
335,PAYX,Information Technology,Paychex Inc.,0.028096728,-0.037719924,0.784971833,-0.567823768,3377700000,0.0713,2359500000,1.07E+09,1291500000,0.2943
336,PBCT,Financials,People's United Financial,-0.895940304,0.234447241,1.580225587,-0.005847028,1572400000,0.1016,1572400000,996100000,576300000,0.2977
337,PCAR,Industrials,PACCAR Inc.,0.069070272,-0.342079043,0.574662089,-0.74785763,23495700000,0.2076,4570700000,1695300000,2875400000,0.0934
338,PCG,Utilities,PG&E Corp.,-1.585002422,0.05870913,1.185634136,-0.623994112,1.68E+10,-0.0219,5.11E+09,1.48E+10,-9.70E+09,-0.4088
339,PDCO,Health Care,Patterson Companies,-2.062947989,0.895334542,1.122056723,-0.990776539,5465683000,-0.0228,1199366000,979477000,219889000,0.0368
340,PEG,Utilities,Public Serv. Enterprise Inc.,1.10023725,-2.256246567,0.99649024,0.228165865,9.70E+09,0.0662,3.46E+09,1.16E+09,2.30E+09,0.1483
341,PEP,Consumer Staples,PepsiCo Inc.,-0.760737538,-0.392539978,1.517740846,0.036438182,6.47E+10,0.0179,3.53E+10,2.52E+10,1.01E+10,0.1935
342,PFE,Health Care,Pfizer Inc.,0.84039408,-0.245217979,0.821109831,-0.239415109,5.36E+10,0.021,4.24E+10,3.05E+10,1.19E+10,0.2079
343,PFG,Financials,Principal Financial Group,-0.666417658,0.027226171,1.150037885,-0.380057395,14237200000,0.0102,5921100000,4136700000,1784400000,0.1086
344,PG,Consumer Staples,Procter & Gamble,1.716450095,-0.688962698,-0.074170165,-0.963344753,6.68E+10,0.0273,3.24E+10,1.90E+10,1.34E+10,0.1459
345,PGR,Financials,Progressive Corp.,3.775971413,1.184646606,0.223259017,-0.513780057,3.20E+10,0.1915,1.03E+10,6927900000,3330100000,0.0818
346,PH,Industrials,Parker-Hannifin,1.954023004,-0.363221586,0.819084466,0.03532207,14302392000,0.189,3564647000,1635506000,1929141000,0.0742
347,PHM,Consumer Discretionary,Pulte Homes Inc.,0.675811887,-0.823989213,0.554427385,-0.520849824,10188331000,0.1878,2373412000,1025872000,1347540000,0.1003
348,PKG,Materials,Packaging Corporation of America,-1.252950788,-0.144174814,1.575804234,-0.078192562,7014600000,0.0884,1645300000,577600000,1067700000,0.1052
349,PKI,Health Care,PerkinElmer,2.51533246,-0.668110311,-0.373081446,-1.122514725,2777996000,0.2308,1340939000,1017055000,323884000,0.0856
350,PLD,Real Estate,Prologis,1.612855434,-0.100476794,0.300729871,-0.67224282,2804449000,0.0712,2046761000,1199759000,847002000,0.5881
351,PM,Consumer Staples,Philip Morris International,-0.609071791,-0.128490165,0.924531698,-0.575545549,7.98E+10,0.0221,1.89E+10,7.49E+09,1.14E+10,0.0991
352,PNC,Financials,PNC Financial Services,1.256860971,-0.245549142,0.458264053,-0.553890348,1.71E+10,0.0492,1.71E+10,1.03E+10,6.84E+09,0.3094
353,PNR,Industrials,Pentair Ltd.,0.682041705,-0.517603457,0.977653265,-0.097179174,2965100000,0.042,1047700000,6.11E+08,436700000,0.1172
354,PNW,Utilities,Pinnacle West Capital,2.792489529,0.515199304,0.533286154,-0.243698299,3691247000,0.0353,1365538000,591851000,773687000,0.1384
355,PPG,Materials,PPG Industries,0.56782645,-0.329905361,-0.063985452,-1.329467535,1.54E+10,0.0424,6.37E+09,4.70E+09,1.67E+09,0.0872
356,PPL,Utilities,PPL Corp.,1.272833943,-0.626360059,0.147456601,-0.843848527,7.79E+09,0.0454,2.85E+09,0,2.85E+09,0.2347
357,PRGO,Health Care,Perrigo,-2.126316786,-0.155376807,1.656653762,-0.272231937,4731700000,-0.0434,1831500000,1.60E+09,236500000,0.0277
358,PRU,Financials,Prudential Financial,1.328846335,-0.917855322,-0.045037039,-1.016268969,6.30E+10,0.0553,1.91E+10,1.42E+10,4.83E+09,0.0647
359,PSA,Real Estate,Public Storage,-2.081110954,1.028098941,-0.492004186,-2.879563808,2754280000,0.0321,2014558000,602366000,1412192000,0.6212
360,PSX,Energy,Phillips 66,0.161515877,-0.806303501,0.628286123,-0.620531797,1.14E+11,0.0917,1.10E+10,3.04E+09,7.94E+09,0.049
361,PVH,Consumer Discretionary,PVH Corp.,1.066540956,-1.0790627,0.112041183,-0.883641481,8914800000,0.0868,4894400000,4248200000,646200000,0.0603
362,PWR,Industrials,Quanta Services Inc.,-1.857371926,0.911820889,-0.061280467,-2.277242184,11171423000,0.1801,1479964000,950943000,529021000,0.0263
363,PXD,Energy,Pioneer Natural Resources,-1.045429111,1.363861918,-0.75465548,-2.891556501,9.42E+09,0.7259,4.35E+09,2.97E+09,1.38E+09,0.1039
364,PYPL,Information Technology,PayPal,-0.717529178,-0.676854789,1.469501019,0.029466033,1.55E+10,0.18,7.11E+09,4.92E+09,2.19E+09,0.1331
365,QCOM,Information Technology,QUALCOMM Inc.,1.410826564,0.634282053,1.086820602,0.055893373,2.26E+10,0.0159,1.24E+10,1.17E+10,6.21E+08,-0.2195
366,QRVO,Information Technology,Qorvo,-1.61034596,0.777638257,-0.521036029,-2.715035677,2973536000,-0.0195,1146966000,1077290000,69676000,-0.0135
367,RCL,Consumer Discretionary,Royal Caribbean Cruises Ltd,-0.762712658,-0.84770292,1.200649977,-0.260495305,9493849000,0.0816,4231642000,2336841000,1894801000,0.1908
368,RE,Financials,Everest Re Group Ltd.,0.175974399,-0.186148688,0.640658081,-0.653177261,7377206000,0.1164,206773000,402213000,-195440000,0.014
369,REG,Real Estate,Regency Centers Corporation,1.215972304,-0.624011219,0.996537983,0.092784494,1120975000,0.1388,815085000,434916000,380169000,0.2222
370,REGN,Health Care,Regeneron,-0.868230045,-0.622387171,1.140286565,-0.393049985,6710800000,0.1428,6276700000,3742300000,2534400000,0.3642
371,RF,Financials,Regions Financial Corp.,0.368550599,0.329822183,0.529069006,-0.812968969,5.53E+09,0.0325,5.53E+09,3.57E+09,1.96E+09,0.3068
372,RHI,Industrials,Robert Half International,0.902756751,-0.675116777,0.996419787,0.001543937,5800271000,0.1013,2410014000,1822794000,587220000,0.0749
373,RJF,Financials,Raymond James Financial Inc.,3.505235434,-0.999253392,-0.062320039,-0.515978575,7274318000,0.1418,7181930000,5877053000,1304877000,0.1178
374,RL,Consumer Discretionary,Polo Ralph Lauren Corp.,1.341390491,-0.777975023,0.294300288,-0.647712946,6182300000,-0.0707,3751700000,3253500000,498200000,0.0263
375,RMD,Health Care,ResMed,2.930160284,0.498188496,0.329773873,-0.417596847,2340196000,0.1323,1362164000,820333000,541831000,0.1349
376,ROK,Industrials,Rockwell Automation Inc.,-0.788546979,-0.286605835,1.217204452,-0.304655343,6.67E+09,0.0562,2884900000,1587900000,1.30E+09,0.0803
377,ROP,Industrials,Roper Technologies,1.611485839,0.023097608,-0.010298345,-1.041983247,5191200000,0.1267,3279500000,1883100000,1396400000,0.1819
378,ROST,Consumer Discretionary,Ross Stores,-1.634609818,0.870721817,0.074159496,-2.042745829,14134732000,0.0985,4092094000,2043698000,2048396000,0.0964
379,RRC,Energy,Range Resources Corp.,3.000992298,0.745623052,0.21865648,-0.596188724,3282645000,0.2572,1483102000,3049863000,-1566761000,-0.532
380,RSG,Industrials,Republic Services Inc,1.945858598,-0.973912895,-0.254688323,-1.127738595,10040900000,-1.00E-04,3890900000,2151700000,1739200000,0.1033
381,RTN,Industrials,Raytheon Co.,0.06439206,-0.579482198,0.858388901,-0.404755175,2.71E+10,0.0675,7.49E+09,2.95E+09,4.54E+09,0.1075
382,SBAC,Real Estate,SBA Communications,0.075442933,-0.251872599,0.384804308,-0.975356579,1865695000,0.0799,1396900000,852734000,544166000,0.0254
383,SBUX,Consumer Discretionary,Starbucks Corp.,0.589821577,-0.550431132,0.68652004,-0.464961201,24719500000,0.1042,16788800000,13206700000,3582100000,0.1828
384,SCHW,Financials,Charles Schwab Corporation,-1.901537895,-0.444759876,1.851840138,0.052382778,1.01E+10,0.1757,1.01E+10,5.57E+09,4.56E+09,0.3461
385,SEE,Materials,Sealed Air,1.468661785,-0.649491191,0.34168762,-0.597550929,4732700000,0.0608,1502100000,845800000,656300000,0.0408
386,SHW,Materials,Sherwin-Williams,-1.167586684,-0.075099632,1.540862799,-0.103264414,17534493000,0.1702,7418562000,5541014000,1877548000,0.0632
387,SIG,Consumer Discretionary,Signet Jewelers,-2.113571882,-0.052563444,2.323293686,0.45235157,6.25E+09,-0.0242,2.19E+09,1610100000,579900000,0.083
388,SJM,Consumer Staples,JM Smucker,-1.243219137,-0.437592298,1.011772037,-0.659100354,7357100000,-0.0048,2836100000,1792100000,1.04E+09,0.1819
389,SLB,Energy,Schlumberger Ltd.,4.808845997,1.314024925,0.070923641,-0.611314833,3.28E+10,0.078,4.34E+09,1.50E+09,2.84E+09,0.0652
390,SLG,Real Estate,SL Green Realty,0.21326904,-2.024196625,1.653337121,0.652006209,1227392000,-0.1879,778729000,403994000,374735000,0.2015
391,SNA,Consumer Discretionary,Snap-On Inc.,-1.351300716,-0.123282649,1.596733212,-0.085708663,4.07E+09,-1.00E-04,2.14E+09,1.14E+09,9.54E+08,0.167
392,SNPS,Information Technology,Synopsys Inc.,0.370079011,-1.201023579,0.682254016,-0.446921349,3121058000,0.1454,2385160000,2024935000,360225000,0.1386
393,SO,Utilities,Southern Co.,-1.82389915,-0.579191327,2.04500556,0.306551635,2.35E+10,0.0201,8.34E+09,4.44E+09,3.90E+09,0.0954
394,SPG,Real Estate,Simon Property Group Inc,0.406177372,-0.622159123,0.649905086,-0.546702862,5657919000,0.0215,4649955000,1726237000,2923718000,0.4313
395,SPGI,Financials,"S&P Global, Inc.",3.808691978,1.077403665,0.285553217,-0.380355954,6.26E+09,0.0322,4.56E+09,1.77E+09,2.79E+09,0.3129
396,SRCL,Industrials,Stericycle Inc,1.395383954,-0.300911874,0.230885431,-0.765181184,3485900000,-0.0265,1.38E+09,1537100000,-161100000,-0.0702
397,SRE,Utilities,Sempra Energy,0.393378884,-0.522561729,0.906528592,-0.272136241,1.17E+10,0.0428,4.41E+09,2.62E+09,1.80E+09,0.0898
398,STI,Financials,SunTrust Banks,-0.202514261,-1.864735007,1.591184735,0.458071739,9.01E+09,0.0498,9.01E+09,5.67E+09,3.33E+09,0.3082
399,STT,Financials,State Street Corp.,0.34764874,-0.882305682,0.517824829,-0.65790093,1.20E+10,0.0727,1.20E+10,8.97E+09,3.01E+09,0.2011
400,STX,Information Technology,Seagate Technology,1.585347533,-0.292232573,-0.043323457,-1.044277787,1.12E+10,0.0383,3.36E+09,1.73E+09,1.63E+09,0.1057
401,STZ,Consumer Staples,Constellation Brands,-2.040034771,3.786752462,1.076241016,-1.534041047,7580300000,0.0354,3812500000,1532700000,2279800000,0.3039
402,SWK,Consumer Discretionary,Stanley Black & Decker,1.042558432,-1.238711119,0.944252729,0.056751274,13982400000,0.0783,4851100000,3.33E+09,1519100000,0.0433
403,SWKS,Information Technology,Skyworks Solutions,2.023698807,-0.37068525,-0.32331419,-1.238029599,3.87E+09,0.0593,1950700000,631400000,1319300000,0.2374
404,SYF,Financials,Synchrony Financial,1.019284606,-0.195186168,0.611941516,-0.465475291,7.74E+09,0.0945,7.74E+09,4.10E+09,3.64E+09,0.3605
405,SYK,Health Care,Stryker Corp.,0.156536579,-0.697618961,0.9330284,-0.279120624,1.36E+10,0.093,8.94E+09,6.40E+09,2.54E+09,0.2612
406,SYY,Consumer Staples,Sysco Corp.,1.398248196,-0.411638111,0.13555488,-0.868109226,58727324000,0.0606,11085391000,8771335000,2314056000,0.0244
407,T,Telecommunication Services,AT&T Inc,-0.232510001,-0.080375649,0.166679829,-1.33347702,1.71E+11,0.0636,9.13E+10,6.52E+10,2.61E+10,0.1134
408,TAP,Consumer Staples,Molson Coors Brewing Company,-0.512141407,-0.498043776,1.092896938,-0.323399514,10769600000,-0.0212,4184800000,2.55E+09,1631800000,0.1037
409,TDG,Industrials,TransDigm Group,-2.450180292,0.918423593,1.191015244,-1.048814178,3811126000,0.0876,2177510000,522130000,1655380000,0.2511
410,TEL,Information Technology,TE Connectivity Ltd.,-0.101229355,-0.0368446,0.54394275,-0.88364172,1.40E+10,0.148,4.75E+09,2.41E+09,2.33E+09,0.1834
411,TGT,Consumer Discretionary,Target Corp.,0.881958246,-1.002757788,0.419658154,-0.619673491,7.27E+10,0.0348,2.16E+10,1.74E+10,4.22E+09,0.0401
412,TIF,Consumer Discretionary,Tiffany & Co.,4.047446728,1.185694814,0.165945306,-0.582408011,4169800000,0.042,2610700000,1801300000,809400000,0.0888
413,TJX,Consumer Discretionary,TJX Companies Inc.,2.993792295,-1.58888495,-1.19441545,-1.831021786,35864664000,0.0808,10362497000,6474321000,3888176000,0.0727
414,TMO,Health Care,Thermo Fisher Scientific,0.380899519,-0.381402284,0.664905667,-0.579432488,2.44E+10,0.1645,1.09E+10,7.07E+09,3.78E+09,0.1206
415,TPR,Consumer Discretionary,"Tapestry, Inc.",-0.23412393,-0.452005029,0.41319254,-1.02505374,5.88E+09,0.3101,3848500000,3177700000,670800000,0.0676
416,TRIP,Consumer Discretionary,TripAdvisor,4.375810146,-0.564654052,-1.464242816,-2.030646801,1.62E+09,0.0379,1.53E+09,1.35E+09,1.83E+08,0.07
417,TROW,Financials,T. Rowe Price Group,0.318842292,-0.283730328,0.32872501,-0.964962423,5372600000,0.1066,5372600000,3011200000,2361400000,0.342
418,TRV,Financials,The Travelers Companies Inc.,0.797592163,0.010499586,0.499612927,-0.676738679,3.03E+10,0.0477,1.20E+10,8.68E+09,3.31E+09,0.0833
419,TSCO,Consumer Discretionary,Tractor Supply Company,-1.309274316,0.68253845,0.55564636,-1.348307967,7911046000,0.0903,2702528000,2000791000,701737000,0.0673
420,TSN,Consumer Staples,Tyson Foods,1.281803012,-0.390439391,0.177406997,-0.860230863,4.01E+10,0.0468,5.10E+09,2.06E+09,3.03E+09,0.0755
421,TXN,Information Technology,Texas Instruments,1.140792966,-0.965678215,0.600607634,-0.330619484,1.58E+10,0.055,1.03E+10,3.56E+09,6.71E+09,0.3535
422,TXT,Industrials,Textron Inc.,1.866253257,-0.259856999,0.952902854,0.145526171,1.40E+10,-0.0159,2.38E+09,1.27E+09,1.11E+09,0.0875
423,UA,Consumer Discretionary,Under Armour Class C,0.143547699,-0.530973256,0.865669012,-0.384333223,5.19E+09,0.0409,2.33E+09,NA,1.58E+08,NA
424,UAA,Consumer Discretionary,Under Armour Class A,0.368875951,-0.720717311,0.486652881,-0.720458269,5193185000,0.0409,2340471000,2365488000,-25017000,-0.0089
425,UAL,Industrials,United Continental Holdings,0.061857466,0.438037843,-0.056108329,-1.562745571,4.13E+10,0.0931,2.48E+10,2.15E+10,3.29E+09,0.0515
426,UDR,Real Estate,UDR Inc,1.638804674,-0.678549647,0.532360733,-0.337374538,1046859000,0.0513,743869000,389151000,354718000,0.194
427,UHS,Health Care,"Universal Health Services, Inc.",0.022547567,-0.67889744,1.335202694,0.154809177,10772278000,0.0348,10772278000,9597016000,1175262000,0.0724
428,ULTA,Consumer Discretionary,Ulta Salon Cosmetics & Fragrance Inc,0.079261355,-0.759924471,1.260900021,0.064907767,5884506000,0.2121,2096809000,1311518000,785291000,0.0944
429,UNH,Health Care,United Health Group Inc.,0.308433533,-0.209898964,0.280927688,-1.048039317,2.26E+11,0.1247,5.38E+10,3.65E+10,1.73E+10,0.053
430,UNM,Financials,Unum Group,-0.542011797,-0.044251885,1.101648688,-0.388219088,11598500000,0.0276,3578100000,2.78E+09,795100000,0.0451
431,UNP,Industrials,Union Pacific,0.466456324,-1.347003818,0.916574001,-0.152521998,2.28E+10,0.075,1.68E+10,8.27E+09,8.52E+09,0.2613
432,UPS,Industrials,United Parcel Service,3.313294888,0.119553216,-0.452665657,-1.146093249,7.19E+10,0.0792,6.67E+10,5.97E+10,7.02E+09,0.0667
433,URI,Industrials,"United Rentals, Inc.",3.409694672,1.200820446,0.593152106,-0.103141345,8.05E+09,0.2117,3.36E+09,1.41E+09,1.95E+09,0.1362
434,USB,Financials,U.S. Bancorp,0.578887761,-0.486329824,0.918815196,-0.197999105,2.11E+10,0.0411,2.11E+10,1.25E+10,8.68E+09,0.3356
435,UTX,Industrials,United Technologies,2.719465017,-0.112417556,-0.540275514,-1.392592669,6.65E+10,0.1114,1.65E+10,9.53E+09,6.99E+09,0.0792
436,V,Information Technology,Visa Inc.,1.705225945,0.642714322,-0.296309114,-1.423020601,2.06E+10,0.1226,1.74E+10,4.49E+09,1.30E+10,0.4998
437,VAR,Health Care,Varian Medical Systems,-1.030297399,-0.392423958,1.428741097,-0.132527724,2919100000,0.1145,1273600000,8.32E+08,441600000,0.0514
438,VFC,Consumer Discretionary,V.F. Corp.,-0.232347459,-0.049675766,0.703731298,-0.728603542,1.22E+10,0.0314,6.16E+09,4453207000,1.24E+09,0.0974
439,VIAB,Consumer Discretionary,Viacom Inc.,0.753760815,0.015590341,0.351576865,-0.849333227,1.29E+10,-0.0241,6.06E+09,3.52E+09,2.55E+09,0.1328
440,VLO,Energy,Valero Energy,4.160615921,0.944240153,0.126286894,-0.447180152,1.17E+11,0.2453,5.59E+09,1.02E+09,4.57E+09,0.0267
441,VMC,Materials,Vulcan Materials,0.543999732,-0.695951283,0.377765089,-0.792343974,4382869000,0.1266,1100945000,353232000,747713000,0.1177
442,VNO,Real Estate,Vornado Realty Trust,0.969796121,-0.112463206,0.469342232,-0.626364589,2163720000,0.0382,1200242000,371250000,828992000,0.208
443,VRSK,Industrials,Verisk Analytics,2.551368952,-0.574704468,-0.140148252,-0.845913887,2395100000,0.1165,1508900000,674800000,834100000,0.25
444,VRSN,Information Technology,Verisign Inc.,3.884255409,1.167427659,-0.096499532,-0.7845245,1214969000,0.0428,1022835000,255443000,767392000,0.4794
445,VRTX,Health Care,Vertex Pharmaceuticals Inc,-1.666387796,1.146901965,-0.298097163,-2.521653414,3047597000,0.2246,2638058000,2002908000,635150000,0.688
446,VTR,Real Estate,Ventas Inc,3.506557941,-0.242848724,-0.661287069,-1.291627407,3745810000,0.048,2054512000,1168936000,885576000,0.1093
447,VZ,Telecommunication Services,Verizon Communications,0.363590807,-0.017182963,0.240684971,-1.11512208,1.31E+11,0.0383,7.54E+10,5.31E+10,2.23E+10,0.1187
448,WAT,Health Care,Waters Corporation,-0.745233357,-1.274702907,0.84920156,-0.583768129,2419929000,0.048,1427365000,735385000,691980000,0.2454
449,WBA,Consumer Staples,Walgreens Boots Alliance,1.507190704,-0.824941635,0.465116411,-0.39625591,1.32E+11,0.1127,3.08E+10,2.45E+10,6.29E+09,0.0382
450,WDC,Information Technology,Western Digital,1.479498267,-2.170402527,1.052912235,0.368588239,2.06E+10,0.0814,7.71E+09,4.09E+09,3.62E+09,0.0327
451,WEC,Utilities,Wec Energy Group Inc,2.480204344,-0.76873219,0.17346336,-0.534948349,7679500000,0.0041,2314200000,845800000,1468400000,0.1381
452,WFC,Financials,Wells Fargo,0.021273879,0.259167135,0.676400244,-0.731482565,8.47E+10,-0.0139,8.47E+10,5.61E+10,2.85E+10,0.2645
453,WHR,Consumer Discretionary,Whirlpool Corp.,-0.973903239,0.313162178,1.005470037,-0.691428065,2.10E+10,-0.0102,3.54E+09,3.26E+09,2.79E+08,-0.0087
454,WLTW,Financials,Willis Towers Watson,1.276426435,-0.359725595,0.599519253,-0.377405763,8.51E+09,0.0379,8.51E+09,7.70E+09,8.09E+08,0.0816
455,WM,Industrials,Waste Management Inc.,-0.188355103,-0.506843031,0.783511758,-0.559800446,1.49E+10,0.0296,5.67E+09,2.88E+09,2.79E+09,0.1291
456,WMB,Energy,Williams Cos.,2.08659029,-0.346179992,-0.278202534,-1.157209992,8.69E+09,0.0816,4.34E+09,3.57E+09,7.68E+08,-0.0178
457,WMT,Consumer Staples,Wal-Mart Stores,1.292762637,-0.488737494,0.165629581,-0.863936782,5.00E+11,0.0298,1.27E+11,1.07E+11,2.04E+10,0.0197
458,WRK,Materials,WestRock Company,2.135466814,-0.142685294,0.065493897,-0.777321816,16285100000,0.0959,3.36E+09,2174800000,1187200000,0.117
459,WU,Information Technology,Western Union Co,2.87806201,-0.62451148,-0.299327552,-1.009983659,5589900000,0.0119,2289100000,1.17E+09,1122100000,0.1524
460,WY,Real Estate,Weyerhaeuser Corp.,0.901753247,-0.295741767,0.254241079,-0.876606464,7.48E+09,0.0389,1.81E+09,4.16E+08,1.39E+09,0.1001
461,WYNN,Consumer Discretionary,Wynn Resorts Ltd,-0.911646187,-0.019908678,1.189997911,-0.390885443,6717660000,0.1067,2631385000,1895841000,735544000,0.0852
462,XEC,Energy,Cimarex Energy,-2.231323481,0.617858708,1.480999589,-0.607607186,2339017000,0.2194,1087396000,126387000,961009000,0.3385
463,XEL,Utilities,Xcel Energy Inc,2.941919327,-0.146864206,-0.337604433,-1.107517004,1.15E+10,0.0117,4.45E+09,2.49E+09,1.97E+09,0.1093
464,XLNX,Information Technology,Xilinx Inc,1.863028526,-0.156479284,-0.291645408,-1.289926887,2467023000,0.0468,1723604000,1037582000,686022000,0.1881
465,XOM,Energy,Exxon Mobil Corp.,0.090941466,0.239047512,0.575736344,-0.819645941,2.90E+11,0.1876,1.01E+11,6.97E+10,3.17E+10,0.0718
466,XRAY,Health Care,Dentsply Sirona,0.036168713,-0.542240441,1.310366035,0.066257872,3986300000,-0.0018,2067800000,3025900000,-958100000,-0.2536
467,XRX,Information Technology,Xerox Corp.,0.056890156,-0.089810975,0.889021635,-0.398400694,9.83E+09,-0.0424,3.93E+09,3.33E+09,5.98E+08,0.0367
468,XYL,Industrials,Xylem Inc.,-0.029010002,-0.025404071,0.665244401,-0.690416634,5.21E+09,0.1062,2.03E+09,1.37E+09,6.54E+08,0.1054
469,YUM,Consumer Discretionary,Yum! Brands Inc,1.948260427,0.01827318,0.097123273,-0.907607555,5.69E+09,-0.0323,2.66E+09,3.62E+08,2.30E+09,0.2711
470,ZBH,Health Care,Zimmer Biomet Holdings,0.96551913,-0.171959803,0.451343805,-0.661421001,7932900000,0.0166,5.66E+09,5627200000,33800000,-0.0478
471,ZION,Financials,Zions Bancorp,0.307102501,-0.229761556,0.719428122,-0.565402091,2.82E+09,0.0913,2.82E+09,1.68E+09,1.14E+09,0.3134
472,ZTS,Health Care,Zoetis,0.400447935,-0.232934997,0.637043655,-0.667446435,5.83E+09,0.0976,3.91E+09,2.02E+09,1.90E+09,0.2452