"","Revenue.Growth","Market.Cap","returnOnAssets","debtRatio","Revenue.per.Share","cashPerShare","Feature.1","Feature.2","Feature.3","Feature.4"
"1",0.0988,20653078950,0.0903,0.2106,15.3084,7,1.322312593,-0.3226217926,-0.1135368496,-1.16636014
"2",0.045,14789270777,0.0418,0.5617,96.706,0.9314,0.2149867415,-1.934115767,1.691741467,0.6841001511
"3",0.0221,11477844994,0.1189,0.1157,129.9446,12.1599,1.69224894,-2.307023287,0.8871960044,0.2911383212
"4",0.1586,1.09765e+12,1.0497,0.313,53.5973,5.2293,1.926322699,-0.2283466011,-0.07699194551,-1.013046503
"5",0.1608,1.38674e+11,2.1966,0.6792,21.2544,4.73,1.20543313,-0.4972319901,0.6669899821,-0.2909937799
"6",0.0966,20075732997,-20.0071,0.1238,770.8179,11.4403,0.1419883072,-0.09284677356,0.419545114,-0.9359362721
"7",0.1164,1.27036e+11,0.1796,0.2913,17.3936,2.1866,-0.3744578362,-0.6757110953,1.216313958,-0.1115066633
"8",0.1331,1.14069e+11,0.8642,0.001,65.2278,8.0537,3.329297066,-0.9671343565,-0.7940058708,-1.376684546
"9",0.2367,1.22468e+11,1.5885,0.2198,18.4074,3.3487,-0.9257280827,0.3737454116,0.9253681302,-0.7590430379
"10",0.2141,32104851663,0.6752,0.3098,16.7398,2.2044,-0.9385458231,-0.3678407669,1.351242185,-0.201289922
"11",0.0578,22969600044,0.0965,0.2054,114.0798,3.5408,1.606159329,-2.736975908,0.9503974915,0.3808734417
"12",0.0772,59408840615,0.8551,0.0515,30.249,4.9251,-1.512396097,0.7521420121,1.434407115,-0.4409009516
"13",0.0093,8175386182,0.0713,0.4402,141.9162,69.5337,1.087991357,-0.8818132281,0.6695897579,-0.2796958983
"14",0.0126,25467249960,5.652,0.3856,9.3695,4.9112,-0.4596833289,-1.964258552,1.893704295,0.7326030135
"15",0.019,15935414512,0.0376,0.332,25.8039,0.0656,0.7016282082,-0.2818151116,0.2469286919,-0.9594659209
"16",0.05,36854953730,0.038,0.3671,32.8663,0.9012,-0.1528614908,-0.2772367001,0.6951594353,-0.7047929764
"17",0.0196,9576821546,0.0547,0.5933,16.2102,2.3192,1.084805131,-0.697286427,0.9075000882,-0.05171756074
"18",0.0042,34683886958,NA,0.0412,28.2723,5.6355,1.43462801,-0.01712188125,0.07681401819,-0.9590414762
"19",-0.0096,45081640344,-2.0108,0.2338,46.8469,2.6125,-1.179868817,3.490352392,0.8524589539,-1.405496716
"20",-0.043,34863996203,NA,0.0702,52.7479,3.1979,0.006787783466,-0.5090165138,1.349722624,0.1051426902
"21",-0.0328,6623092479,NA,0.6584,6.4333,0.4803,-0.9165484905,-0.844217658,1.51232481,0.05091589689
"22",0.2561,5550103946,NA,0.0488,136.0171,21.1683,-1.307196379,0.4581913948,1.331939101,-0.4175699949
"23",0.1096,13535152400,0.7349,0.221,37.7562,12.1796,-0.5528431535,-0.3276839852,1.303692222,-0.1334155351
"24",0.0906,9947856868,0.1335,0.2857,16.224,6.1947,0.04270458966,0.5731273293,-0.07893763483,-1.640612602
"25",0.0986,8185287557,0.1808,0.2249,31.1265,5.1216,2.221940517,-1.534243822,-0.544334352,-1.282515883
"26",0.3347,16751128913,0.3536,0,24.5615,7.9549,0.9116675258,-2.324282408,1.414755821,0.6302238107
"27",0.0469,7502798611,0.0777,0.1927,67.0616,0.8521,-1.153128505,-0.1548604667,1.11863327,-0.5511098504
"28",0.0104,28461264770,NA,0.0575,114.4767,1.4347,1.662513375,-0.7091793418,-0.3780032992,-1.327523232
"29",0.1343,7576894869,0.6326,0.5141,28.7379,3.0572,-0.3900731206,2.491349459,0.1432994455,-1.802623034
"30",0.1634,21720688092,0.0211,0.2302,18.5505,6.1316,-0.6689810157,-0.4557274878,0.9554166198,-0.5318328142
"31",0.1868,30590665014,0.4096,0.3011,17.0316,3.3959,4.161217213,-0.9514482021,-0.8662320971,-1.310514569
"32",0.2326,18449057207,0.177,0.2744,6.5937,1.0978,0.8549079895,-0.6017428637,0.8857728243,-0.1308104694
"33",0.1269,15714251304,0.6875,0.3039,20.9939,1.5335,-2.586739302,0.5590302348,1.721455455,-0.4389855862
"34",0.0318,5132445914,0.2816,0.2226,44.3731,10.5504,2.444628477,-0.3059120178,-0.524006784,-1.382672668
"35",0.0393,1.24047e+11,0.2886,0.5109,35.9259,10.5068,0.3697056174,-0.9592758417,0.4469305873,-0.7468941212
"36",0.0579,14544623815,NA,0.0351,92.102,43.1053,-1.33850944,3.380372763,1.021275043,-1.298984885
"37",0.1165,69680774732,0.1383,0.641,16.9245,2.9683,1.751856089,-0.7373570204,-0.4646844268,-1.410367489
"38",0.3093,7.34416e+11,0.147,0.2038,478.2074,65.1951,0.3740850389,-2.200248003,1.473700285,0.5210971832
"39",0.1811,11944068973,0.4945,0,15.4054,9.2546,0.6320668459,-1.740436792,1.143773675,0.2365680635
"40",0.0229,67927173410,0.2485,0.2684,356.1099,15.2102,0.93739748,-0.39548558,0.6506345868,-0.4069021344
"41",0.0772,35009100411,0.6815,0.2363,43.9233,2.6754,0.8591332436,1.352063298,0.3597195148,-1.038332462
"42",0.0638,7256905437,0.3188,0.0721,18.7578,1.5281,0.5095832348,0.286456883,-0.0465871878,-1.40731144
"43",0.2482,9963020603,0.0021,0.382,19.2356,1.8691,2.666809559,-0.5556017756,-0.4155711532,-1.167219043
"44",0.0907,37151338997,0.1182,0.1988,40.7214,12.7282,1.546167731,-0.008342020214,-0.1655355543,-1.252779722
"45",0.1698,24413524721,0.4022,0.3555,27.2311,4.2885,0.2979237735,-0.5383532047,0.8093177676,-0.4165627658
"46",0.1204,16221988957,0.2504,0.3481,54.5932,2.1482,-0.05763128772,-0.1768005341,0.6758162379,-0.7062535882
"47",0.1767,12391365499,NA,0.3787,12.3454,2.5308,-0.6238895655,-0.5073097944,1.15108192,-0.301897347
"48",0.0813,8147466358,0.0732,0.3386,28.9999,4.7119,-0.9566572905,-1.055786967,1.447567582,-0.004627488554
"49",0.0688,35535271937,0.484,0.1493,9.8425,5.5446,2.482999325,-0.7018250823,-0.2221205682,-0.9393137693
"50",0.0583,24057637786,NA,0.383,16.5279,1.5762,0.6049746275,-0.2643284798,0.1084886193,-1.143962741
"51",0.1821,90995496308,1.3036,0.349,49.8756,10.2679,1.118478179,-0.2380068004,0.2220426947,-0.8829268813
"52",0.0824,7789181578,0.3243,0.3798,82.0046,2.6575,-1.85407865,0.09798064828,1.826925397,-0.02769181505
"53",0.0247,16392952531,0.0352,0.4057,19.1111,0.7222,2.88381958,0.6190600991,-0.7993429303,-1.759228706
"54",0.0841,81428235062,NA,0.3262,43.2079,32.0619,-1.273243427,0.3340659738,1.60150218,-0.1241264418
"55",0.0499,6141267555,0.4289,0.1194,89.978,3.1565,-0.8623735309,-0.397683233,1.372729182,-0.1458292902
"56",0.0305,20301338634,0.3496,0.5356,416.0577,8.0765,0.9255580306,-1.119005919,0.9492434263,0.009518110193
"57",0.0758,1.83143e+11,0.5539,0.118,178.0764,13.4481,-0.7873858809,0.1855687201,0.9605734348,-0.6495876312
"58",0.0446,2.41822e+11,NA,0.1854,9.0375,44.1766,0.2293945402,-0.630379498,0.8030152917,-0.403806895
"59",0.0536,35025520488,0.213,0.2223,20.8371,3.4307,1.022938848,-0.6627437472,0.3465251923,-0.6792545319
"60",0.0206,33383247483,NA,0.128,14.2206,5.1581,4.642396927,0.7916874886,-0.5561760664,-1.215001464
"61",0.0697,19884048326,0.2256,0.1038,140.3162,3.6651,-1.380149245,-0.5590786338,1.521769524,-0.1135332659
"62",0.3217,70738457694,0.0558,0.3988,59.7353,4.6195,0.01465546153,-0.02197850309,0.8031156063,-0.5617792606
"63",-0.0114,16070006134,0.2448,0.0506,11.9894,13.1116,-1.360857487,-0.6172862649,1.3073107,-0.3520354331
"64",0.3103,3614965551,NA,0.0192,75.5894,34.949,-2.738532305,0.8623117208,1.707523584,-0.5715435743
"65",0.0961,60630142487,0.5575,0.2347,65.6559,5.9766,1.039694786,-1.333937049,0.7001594901,-0.2031293362
"66",0.0546,46541756690,NA,0.1339,16.3442,87.7436,0.08142146468,-0.6168875694,0.394452095,-0.9176131487
"67",0.044,61952540579,NA,0.0317,88.5708,40.4738,3.033363819,1.130478978,0.1566740572,-0.6452487111
"68",0.0594,15596011698,0.1035,0.4065,33.7446,2.0911,1.436358333,0.977627635,0.3962677717,-0.7880704403
"69",0.0859,84841692273,0.4266,0.2101,13.8225,4.2342,1.863824129,-0.157234773,-0.1575145572,-1.140286922
"70",0.0857,48903519601,3.1829,0.336,7.113,0.1057,1.623255014,-0.6711801291,0.1764878631,-0.7223693728
"71",0.0745,7235394154,0.2159,0.2094,50.5752,3.5495,1.415440917,-0.5590118766,0.3695001602,-0.5667194724
"72",0.0442,17382278275,NA,0.5434,17.5946,4.1391,-1.845268011,3.415465593,1.224173665,-1.250861406
"73",0.0057,1.27138e+11,NA,0.2306,29.2199,75.4442,2.782934904,-0.4980864227,-0.3091830015,-0.9761818647
"74",NA,NA,NA,NA,NA,NA,0.2625180185,-1.702405095,1.345121264,0.3335800171
"75",0.0142,14701892667,0.6781,0.3673,20.1726,0.3253,1.981976509,-0.2536195219,-0.0285382811,-0.9227935672
"76",0.0526,15270170158,0.0617,0.2256,437.0895,5.6326,-1.099414468,-0.7777886391,1.712587237,0.1795684248
"77",0.2037,74984859767,0.2566,0.4656,92.5296,13.2854,-0.8658227324,0.6429457664,0.7859306931,-0.9337725639
"78",0.0147,59526837955,NA,0.0854,70.9996,2.908,-1.605692506,0.2107294649,1.504481077,-0.3175646663
"79",0.2421,10976713344,2.5943,0.2284,24.7657,2.4606,-1.652157545,0.670894444,-0.2089866251,-2.328542709
"80",0.06,16364188024,0.5785,0.4638,38.7769,0.8603,4.397516251,1.108609676,0.04080044851,-0.5059677362
"81",0.2449,45065203514,0.0497,0.5088,13.1308,0.9879,1.064278245,-0.749337852,0.9362137914,-0.00952841714
"82",0.0783,43720781457,0.1112,0.2435,26.0365,1.3542,-0.3841905296,-0.2470330298,1.406348586,0.02852082998
"83",0.1004,12267534160,0.6989,0.1804,7.8107,1.9483,-1.269181371,0.5232101083,1.006512165,-0.7923105359
"84",0.1752,44815050426,0.6345,0.5713,21.3332,5.9109,-1.704765797,4.251582146,1.139734626,-1.455477118
"85",0.0436,17278365613,0.2033,0.0661,16.2575,1.1334,-2.379868507,3.240231514,1.375938654,-1.201068997
"86",0.0724,10041736468,0.0315,0.3711,19.0413,2.9321,-1.996813416,0.7219289541,1.297640204,-0.7239540815
"87",0.0772,13911025365,NA,0.1074,12.1172,8.8175,-1.072816014,2.830385208,0.837926805,-1.301480651
"88",0.0979,16192263273,1.6241,0.3472,16.8876,1.29,-1.671401143,-0.6603364944,1.726073027,0.03001771308
"89",0.0774,1918791206,0.0916,0.6064,11.2552,0.0044,-0.2565850616,-1.493697643,1.27218473,0.05964889377
"90",0.1185,11562744407,0.4293,0.3249,119.6401,2.7237,4.731361866,1.034373283,-0.418795526,-1.037296772
"91",0.0494,65234674689,0.0477,0.4984,187.7889,3.2924,0.9357200265,-0.3973374665,0.4562212527,-0.6113462448
"92",0.1637,46252027609,-0.382,0.2772,199.7666,15.8294,-0.1483391523,-0.8846720457,1.171769619,-0.09798585624
"93",-0.0567,12599153121,NA,0.0395,33.2252,4.8176,-0.4305259585,-0.1183003113,1.472086668,0.06785329431
"94",0.0058,51622881579,0.5539,0.5235,17.9219,0.8371,-0.1911484897,1.294895411,-0.3003028631,-2.08295846
"95",0.0253,17291905356,0.7435,0.4907,47.3653,1.0132,-1.405281305,1.202476978,0.8353384137,-1.116571188
"96",0.076,11107057189,NA,0.0919,20.5877,28.2068,-0.7353018522,-0.5409604907,1.492653012,0.05429302901
"97",0.1115,1.54911e+11,0.3033,0.444,20.773,0.8383,0.292835176,-1.120443225,0.8943969011,-0.2394245267
"98",0.1824,64116786658,1.8463,0.5661,12.5879,4.015,-2.021436214,1.363851428,1.120173573,-1.034657598
"99",0.0868,11998278267,0.1012,0,174.8548,10.0691,-2.227539778,1.330442667,1.456058741,-0.7380717397
"100",0.1636,21457412533,0.2843,0.1299,148.0494,8.1153,0.4409382641,-0.258995533,0.6100824475,-0.5919594765
"101",0.0441,14067404804,0.0366,0.4801,24.2578,0.6141,0.6837109327,-0.4604384601,0.785933435,-0.3284326196
"102",0.2425,23677473815,0.5193,0.2164,146.3707,13.0067,-0.4603711367,-0.4984818399,0.8758024573,-0.5597113371
"103",0.1014,14148632855,0.0207,0.3615,23.5835,9.4232,0.07703353465,0.1079449207,0.5832073092,-0.8063269854
"104",0.1287,35803694911,NA,0.1581,46.9116,27.8387,0.3903139234,-2.065607071,1.410033464,0.4556502998
"105",0.2403,9636870139,0.1497,0.292,4.9112,0.0051,-0.3671575189,-0.290767312,0.6435895562,-0.8103078008
"106",NA,NA,NA,NA,NA,NA,0.5429611206,-0.6586291194,0.4594653845,-0.7092245817
"107",0.1841,12693271257,0.0914,0.3309,51.5845,1.5825,0.3452233672,-0.6373606324,0.3082061112,-0.9356078506
"108",0.1885,71779931717,0.1213,0.2139,33.1993,5.0707,-0.1209638566,-0.1096329913,1.604366183,0.2887050807
"109",0.0973,1.02917e+11,0.1564,0.1611,322.8533,13.808,-1.527710557,3.91067338,1.175296426,-1.276981831
"110",0.2284,10409952448,-0.1311,0.3325,12.5357,0.4831,-0.3983227313,-0.4770413935,0.7338292599,-0.6888626814
"111",0.1333,12308432051,0.2235,0.655,21.9767,0.1628,-0.6742939353,0.1363578737,1.081307411,-0.4705403745
"112",0.2493,82277193000,0.2459,0.0782,14.7413,3.5566,2.464410305,-0.1358571351,-0.2499845624,-1.06840682
"113",0.0276,1.98321e+11,0.0029,0.235,10.1985,1.847,-0.467617631,-0.3598886728,1.033575296,-0.392970711
"114",0.0738,52463837029,0.1014,0.4018,14.294,1.0012,-1.957386136,4.133430958,1.584946752,-1.037552714
"115",0.2166,19449884390,0.326,0.3644,60.6876,1.2999,3.165313005,1.665432811,-0.4505986273,-1.479891062
"116",0.3278,16371987941,-0.0702,0.5133,21.9943,0.486,2.587433815,0.03525099531,-0.179253459,-0.9812488556
"117",0.0888,36756698011,0.288,0.0468,27.7062,1.9948,-2.052432775,-0.3236720562,2.161625147,0.3288280368
"118",0.0528,13807692696,-0.9911,0.3694,21.8621,4.5487,2.149790287,-0.5573881269,-0.393740207,-1.25937295
"119",0.053,66751715722,-0.0472,0.3738,186.3784,3.8879,-1.869273186,4.135510921,1.090615273,-1.541772366
"120",0.1737,2.07873e+11,0.0842,0.1357,87.0532,5.3863,-0.7150233388,-1.705746293,1.711875439,0.4071315825
"121",0.6052,20583717544,0.1022,0.1656,20.7291,0,0.3688995242,-0.1070655212,0.9402250648,-0.2753258646
"122",0.062,46812258192,0.047,0.4515,20.4035,0.4091,-1.381373405,-0.5342960358,1.889626861,0.2859618366
"123",0.0802,34212373180,0.1781,0.2742,64.8145,2.2826,-1.264717102,-0.06674198061,1.428627253,-0.2568509877
"124",0.2562,41997695163,NA,0.6027,115.8019,12.1017,-1.421093345,3.308568239,0.9995761514,-1.325836062
"125",0.0486,19815196414,NA,0.2485,22.8417,45.0791,2.342697144,1.313905954,0.9295321107,-0.001870844164
"126",0.0675,27004284086,0.3863,0.2402,86.0527,0.9805,1.801417947,-0.6139363647,-0.001469207811,-0.8781768084
"127",0.0174,11330724183,0.6169,0.3538,55.3457,0.9921,-0.6540718675,-0.8286889791,1.455975652,0.08815848827
"128",0.1403,15919832408,NA,0.227,42.666,3.9989,-0.9052670598,-0.3136318326,1.141231775,-0.4246679246
"129",0.0853,72277086733,0.5565,0.2036,28.3942,1.1245,0.09180240333,0.325933516,0.4010055959,-1.031522989
"130",0.0779,1.72877e+11,0.442,0.2117,39.6491,2.7685,2.671110392,-0.6723473072,-0.0488004759,-0.7444854379
"131",0.5354,12951395616,0.5745,0.5159,21.1908,1.9799,1.981606603,-0.0519781895,-0.2117201984,-1.181753278
"132",NA,NA,NA,NA,NA,NA,0.91072613,-0.7314203978,0.7410056591,-0.2667757273
"133",-0.0535,11677816958,3.5696,0.4954,29.1458,1.8987,2.433564425,0.1082437858,0.3040247262,-0.4713027775
"134",0.2394,21979349551,NA,0.4671,14.7862,0.6149,1.177564502,-0.5182642341,0.4938262701,-0.4842580259
"135",0.0737,24952037344,0.3486,0.3476,93.8247,4.6302,-0.2049940377,-1.79582727,1.859779239,0.7316105962
"136",0.0251,10382303220,0.3846,0.3782,46.6533,2.6437,-0.4445432425,0.7224998474,1.827507138,0.3449314535
"137",0.2138,9280470025,NA,0.3407,2.6509,0.0501,2.674355507,1.362160921,-0.1069020554,-1.112553716
"138",0.1269,10903380217,0.3728,0.1694,65.1621,1.1847,-1.071259379,-0.3369245231,1.096247792,-0.5088299513
"139",0.1273,20066330147,0.0547,0.3925,78.5193,0.4199,-1.835417867,0.8139718771,1.373332858,-0.6201377511
"140",0.0406,61521333255,0.0309,0.3985,34.6342,0.6243,-2.208774567,-0.2211715281,2.258897543,0.3917379975
"141",0.0486,8542360000,0.023,0.5286,66.7786,2.4324,-0.09591767937,-0.9131557345,1.027431011,-0.2250968069
"142",0.2091,10553228000,0.2504,0.2276,22.9261,5.1559,-0.6702706814,-0.9893198609,1.42073977,0.0348120667
"143",1.857,24584983498,0.5592,0.2361,76.0725,9.0763,-0.7249815464,0.1760475785,0.9140244126,-0.6885764003
"144",0.063,36414747566,0.263,0.1156,16.7208,13.8247,1.324296117,-0.2856267691,-0.2785365283,-1.354737997
"145",0.0825,27026559476,0.5926,0.4045,10.9653,2.2469,-1.029065967,-0.8343685865,1.150411725,-0.383831054
"146",0.0602,42565444212,0.296,0.351,50.8254,0.3974,-0.818500638,-0.7152576447,1.128942251,-0.3631650209
"147",0.0253,23811092764,0.0351,0.3841,39.5797,3.2275,0.09979964048,-0.7586377859,0.8888741136,-0.3194633424
"148",0.0148,11229156921,0.3568,0.3684,28.3397,1.8571,-0.8857504129,0.5845164657,1.204638958,-0.4632507265
"149",0.0274,18496302165,-0.0076,0.242,38.8252,0.0644,-1.721772552,4.054930687,1.00137496,-1.54912293
"150",0.1572,52391134299,0.2367,0.282,37.1821,5.9266,-0.007358757313,-0.6758430004,0.8055151105,-0.4735501707
"151",0.063,10238478297,0.1518,0.3856,72.4853,1.6138,-0.6893924475,0.1444372833,0.9546930194,-0.6238003373
"152",0.1405,48794065380,0.5484,0.2334,27.6992,1.7392,2.228786707,-2.637630463,0.6081890464,0.1630193889
"153",0.5413,50573344206,0.1163,0.1793,29.9619,2.698,-1.04210043,1.091452599,-0.4943138659,-2.539757013
"154",0.161,28342474327,0.0331,0.5598,63.5713,7.5981,0.482855469,-0.6244885325,0.9972102046,-0.1157865524
"155",0.0433,24320765524,NA,0.4324,7.0056,0.316,-2.025882959,-0.1924577057,1.648910761,-0.2371190935
"156",0.4746,4806107140,-0.132,0.2815,17.4676,0.0134,-1.855562687,-1.068607211,2.142349005,0.4662460387
"157",0.0898,20610252952,0.0434,0.3826,26.6194,0.3405,-1.415763021,3.753239393,0.8450446725,-1.593326092
"158",0.0265,16199822435,NA,0.4527,21.1997,2.2924,-2.06713295,1.018453598,1.069825053,-1.052785873
"159",0.2143,11156009997,NA,0.0217,11.0246,12.8319,-1.377315402,0.6344159842,-0.136521861,-2.144904375
"160",0.0591,29757244000,0.3634,0.2419,49.7559,0.6516,-1.046315193,0.5457053185,1.143826127,-0.5915247202
"161",-0.0059,15590910445,0.029,0.3756,60.6884,2.6513,0.9517803192,-0.257714361,0.8119154572,-0.2215916365
"162",0.0837,32020076533,0.3171,0.1115,17.7954,3.4135,-1.91909039,4.194496155,1.169554949,-1.494243741
"163",0.0721,43612139545,0.0256,0.3052,37.213,1.6505,0.5029167533,-0.510563314,0.03024536371,-1.211141229
"164",0.1759,11751658275,0.3233,0,46.7365,5.3048,1.448594332,-0.8985826969,0.3810320497,-0.5049699545
"165",0.1156,16781969765,-0.4118,0.2061,74.8395,18.018,0.2434554994,0.59998101,0.510263145,-0.904379189
"166",0.0829,11447109230,NA,0.6131,9.4903,0.5765,-1.657590985,3.93265295,0.9728648663,-1.574439287
"167",0.0227,30430960895,0.0665,0.6011,40.3072,4.2027,1.575472713,-0.3583175838,-0.3499196768,-1.377415895
"168",0.1309,15010190555,0.2682,0.1505,8.65,0.2913,2.068912506,-0.5835420489,0.3599545658,-0.4458840489
"169",0.3735,3.76725e+11,0.3245,0,19.3211,3.4668,0.4226392508,-0.2887594998,0.9686822295,-0.2211161554
"170",0.0382,5371970517,0.3867,0.3913,37.9329,1.8181,-1.545109749,3.948832035,1.35746479,-1.067133427
"171",0.1356,14939537076,0.0735,0.2639,12.8558,2.9103,-0.4542817175,0.3712716699,0.9601828456,-0.5775020719
"172",0.0851,66568652368,0.1435,0.3275,244.9337,12.2186,-0.1285731196,2.869870901,0.438770622,-1.439613461
"173",0.0305,19204772893,0.0487,0.4868,22.8882,0.872,-0.439026773,-0.2610022724,0.7707529664,-0.6879842877
"174",0.0341,11609001494,0.7459,0,35.2814,6.9326,1.641575217,-0.421808511,-0.3649589717,-1.374941826
"175",-0.0283,33583921883,0.7079,0.378,25.6799,2.1433,1.063646078,0.5194929242,0.8747543097,-0.2519731522
"176",0.0223,29283617402,1.9395,0.5291,14.36,1.0234,-1.364445686,-1.214492679,1.862989545,0.3197104335
"177",-0.0101,15426635515,NA,0.1159,9.9399,3.9816,1.51299262,-0.1111556217,-0.1218750104,-1.157410383
"178",0.0021,5530611026,0.1014,0.0316,61.1792,6.6745,-1.335713506,-0.7047606111,1.162108183,-0.4971346259
"179",-0.0137,6023673923,0.2307,0.1517,12.8349,3.7019,-2.159071445,0.09671267867,1.705913544,-0.2414591461
"180",-0.0182,4529523800,0.0853,0.1894,136.5016,12.5683,-2.031518459,0.4923877716,1.848329306,-0.1327088773
"181",0.0469,4975181505,0.0626,0.3213,29.289,4.7356,-0.141326651,-0.8059572577,1.031989098,-0.2433545887
"182",0.6424,8637726090,0.2799,0.2767,35.1097,0.9981,2.482941389,-1.002116561,-0.2211728692,-0.9088931084
"183",NA,NA,NA,1.4879,NA,1.3495,1.566799164,0.6311554909,0.2149025649,-0.8765183091
"184",0.0234,23582620450,0.4383,0,16.3601,4.0284,2.639005423,-0.9607689977,0.1540556848,-0.4981401265
"185",0.0678,8718805282,NA,0.5134,12.4933,0.8746,3.186530113,-0.3717630804,-0.2146258205,-0.8434070349
"186",-0.1663,8862567826,-0.3256,0.1691,27.4081,12.0961,1.272651196,-0.1708531529,0.1341804564,-0.9479157329
"187",0.121,22595930694,1.8736,0.2658,18.6764,3.4107,1.612982035,-0.6427755356,0.2317341566,-0.6742839217
"188",0.1685,46557702984,0.4503,0.2735,122.2118,3.2517,1.068018913,-0.561116159,0.5623024106,-0.4521022737
"189",0.0285,63311839462,NA,0.333,13.9818,3.5782,-1.934204102,0.8709859252,1.307377338,-0.7381790876
"190",-0.1524,80915906731,0.1866,0.4291,17.047,13.8213,-2.45212359e-05,-0.7387412786,1.512461662,0.3044047654
"191",0.0077,24220512516,2.5706,0.5165,27.6069,0.6998,-0.854385376,2.236088753,1.285753727,-0.6262266636
"192",0.1161,24180056509,0.0573,0.2181,14.1055,2.9423,-0.8423474431,-0.6173063517,1.445712686,-0.02046701312
"193",0.01,47211451524,0.1063,0.4616,104.2162,14.7725,-0.6783836484,-0.0705062151,1.1850034,-0.3275391459
"194",NA,NA,NA,NA,NA,NA,0.2679052949,-0.1129898429,0.6757535338,-0.614787221
"195",0.2342,7.26734e+11,0.1912,0.0172,196.73,24.0141,1.64687109,-0.08357617259,-0.2258444577,-1.264196873
"196",0.1488,14091825393,0.2999,0.2478,127.7476,2.2743,-0.1360156238,-0.6402823329,0.9785897136,-0.3070435226
"197",-0.1532,16316471935,0.5939,0.4407,21.2775,7.6535,1.066382051,-0.1942280382,-0.03252267838,-1.170113683
"198",0.0218,11883472151,0.1726,0.1563,40.3435,4.5369,0.2728889585,-1.609110355,0.9860680103,-0.09473476559
"199",0.0724,12542262108,0.2883,0,16.8997,6.0673,-1.290284395,-0.6770641804,1.673920989,0.09137201309
"200",0.1187,62138213267,NA,0.521,95.0078,338.7312,-2.366927624,-0.2284413427,2.031704426,0.07136300951
"201",0.0064,4755735039,0.0843,0.3416,65.2954,3.3797,-0.2881022394,-1.144983649,1.667511821,0.4643119872
"202",0.0764,15902645933,0.2295,0.378,200.0178,9.59,0.8461102247,-0.4792267978,0.4711166918,-0.6461240053
"203",0.1637,23285309883,0.1088,0.3969,27.4229,2.2949,-1.989947081,4.274620533,1.364163876,-1.307466865
"204",-0.121,10278732588,0.1068,0.3239,36.2006,9.3463,1.636951447,-0.874012053,-0.06158958003,-0.9871674776
"205",0.0407,12653428767,NA,0.0978,3.9527,2.5196,3.390617371,1.354562879,0.2013545185,-0.6235878468
"206",0.0514,4519980819,0.264,0.5486,18.8615,1.2004,1.052163243,-0.6182576418,1.416891217,0.5100427866
"207",0.0702,42830774225,0.1691,0.8371,134.4008,1.4454,5.774405956,1.014998794,-0.9373706579,-1.574869633
"208",0.0667,2.39295e+11,0.3478,0.607,85.657,3.0518,-1.880313039,-0.5869705081,2.096779346,0.3422902822
"209",0.1994,11998252008,-0.0154,0.3113,21.6834,9.0342,-0.0813395828,-0.697540164,1.059320092,-0.1916119158
"210",0.1045,15945762705,NA,0.0751,52.8385,0.3373,3.417619467,0.6488543749,-0.08120834082,-0.8305392861
"211",0.0988,8174631311,0.3436,0.201,186.6667,5.4795,-0.7235307693,0.004344503861,0.8339074254,-0.7613632083
"212",0.0953,21293725641,-2.883,0.5203,30.03,1.632,-1.817716956,-0.3223883212,1.759237051,-0.04644543305
"213",0.0123,5555853430,0.2967,0.7125,35.1089,7.6953,1.874391437,-0.1508809775,0.4070056081,-0.4615135193
"214",0.052,11167918399,-0.1393,0.4601,11.697,2.4234,-1.71396172,1.576322198,-0.3627969623,-2.688426495
"215",0.0313,97806890592,0.6302,0.2807,56.4672,12.5451,-0.7211337686,-0.336558789,1.28320694,-0.193240419
"216",0.3782,7634778280,0.0863,0.0795,22.8502,2.6123,-0.6483784318,-0.0642914027,1.245344639,-0.2616758943
"217",0.0686,22442636316,0.3071,0.2188,20.1779,3.1916,-2.080486298,1.07483089,1.324723363,-0.7878262401
"218",0.1233,38199341383,-3.4457,0.1729,36.2056,3.1988,-0.729937911,-1.056208968,1.719103932,0.3592442274
"219",0.0407,5784441494,0.479,0.4762,15.1047,7.9525,-0.1221435219,-0.7632195354,0.5653524399,-0.7733983994
"220",0.0413,22753472143,0.4176,0.0767,17.9856,0.8651,-0.08724222332,-1.83198595,1.723130941,0.6419557333
"221",0.0594,9387767816,0.4217,0.2282,86.482,0.3726,3.653273106,-0.7771484852,-0.9229162335,-1.496487498
"222",0.0254,12370181008,NA,0.3174,7.4441,2.078,0.7047928572,-2.628749371,1.168231845,0.3333005607
"223",0.0367,22487198718,0.6036,0.5787,37.1343,2.8026,-1.156737208,1.260916829,-0.4741618037,-2.570962191
"224",0.0585,39301297382,0.1956,0.2455,414.8502,17.0789,0.7093279958,-0.386708647,0.2468352616,-0.9199112654
"225",0.0057,1.03303e+11,0.402,0.3713,87.2662,12.723,1.083851576,-1.95131588,1.326144457,0.5744490623
"226",0.0741,42906759405,1.0893,0.0802,10.9148,3.2557,-1.263217688,-0.2474272102,1.394321918,-0.2667509615
"227",0.124,16041183387,1.1746,0.6507,25.4794,1.4251,4.356801033,-0.4137533009,-1.239500165,-1.780858636
"228",0.1703,14315763206,0.1104,0.3532,45.4311,7.4074,0.4075651467,-1.382727146,1.402139664,0.4050371051
"229",0.2111,44089710000,0.2196,0.287,22.6735,7.7823,-1.562777758,1.189274549,-0.4113837481,-2.61695838
"230",0.225,13532470131,0.0634,0.0066,8.8608,5.4853,-1.246865869,0.3915056586,1.085908175,-0.6740868092
"231",0.1138,21036598272,-0.8456,0.3536,10.1653,0.3043,-0.1017116383,-0.2424405962,0.6888349056,-0.6852873564
"232",0.1289,2.14189e+11,0.3444,0.206,15.365,0.6547,-1.936310887,0.1109945551,1.184877396,-0.7631127238
"233",0.1595,52405590716,0.8913,0.0853,23.5352,5.7188,-1.267045259,4.01702404,0.6493051648,-1.808352828
"234",0.0719,16346949049,0.1276,0.5049,57.5416,1.4542,-1.443982244,-0.5413046479,1.779086113,0.1214436814
"235",0.0737,7929171445,0.7282,0.239,25.3441,1.7568,-2.060497522,0.4605844617,1.635349274,-0.3520657122
"236",0.0732,23501920664,0.3346,0.4881,51.1144,4.3741,0.3392733037,-0.02771049552,0.6152874827,-0.6765921712
"237",0.1036,22411223063,0.425,0.2284,63.781,3.6775,-0.3587398529,-0.04772602767,0.7206303477,-0.7477139831
"238",0.0989,9276377042,0.0864,0.6867,14.7799,0.5788,2.884266615,0.6326697469,-0.07927890122,-0.9614208341
"239",0.1867,54692790435,0.2608,0,32.7546,7.5453,2.925599813,-0.5756394863,-0.4795679152,-1.132478118
"240",0.2005,11619788989,-0.2261,0.3679,43.7695,1.7216,2.636048079,0.1879350543,0.008561913855,-0.8197826147
"241",0.0317,42035930895,0.6365,0.4963,44.5085,4.5328,-1.308214188,0.7260835767,1.183596134,-0.6469637156
"242",0.0298,6885762849,0.4385,0.2465,12.9612,4.4034,0.6893328428,-0.09918045253,0.9007273912,-0.2294103652
"243",0.1982,10157765278,0.1362,0.2257,78.7646,0.0695,1.242642641,-0.5794829726,0.7991913557,-0.1423663497
"244",0.0247,32538762328,0.5582,0.224,25.2994,0.2,1.771293879,-2.260552406,1.263415456,0.7255297899
"245",0.4951,10855663574,0.0979,0.1698,105.597,4.4739,0.2051823735,-0.1564177722,0.5175714493,-0.7976068258
"246",0,3.43531e+11,0.4805,0.1993,30.4236,6.7526,-1.252199054,-0.2855484188,1.319526076,-0.3595468104
"247",-0.0755,9288104904,0.1536,0.2284,13.3166,7.1318,0.710475266,1.005278826,0.2914629281,-1.089906812
"248",0.0827,3.24627e+11,NA,0.2035,32.1013,82.0849,0.8363814354,-0.3401089013,-0.1185939312,-1.332669616
"249",0.0489,7769400804,0.1052,0.3373,92.7938,7.0803,-0.4510983229,-0.2403310984,1.315093517,-0.09666465223
"250",0.0539,19783675419,0.5663,0.5002,39.038,0.925,-1.689661145,-0.2214923203,1.65042007,-0.1194145158
"251",0.0252,15290359637,NA,0.1045,5.9353,0.6514,-0.2602286637,-0.3534443676,0.9748386741,-0.4082631469
"252",0.0074,52484474308,-1.1783,0.3013,21.5411,0.9267,0.1704723388,0.2731723785,0.3852522075,-1.020589232
"253",-0.03,6173382618,NA,0.4431,2.769,0.3413,0.01557740755,-0.4745950699,0.8688158989,-0.4156806171
"254",0.16,16179522215,0.2216,0.3968,25.819,8.9825,-0.7648522854,-0.2822824419,1.076950669,-0.455302
"255",0.0075,39457526255,0.2489,0.5135,53.3813,1.5564,0.8283190131,0.1119270623,0.1040839702,-1.143354297
"256",0.032,33943941254,0.0446,0.4733,6.3827,1.4801,-1.837604761,3.148470879,1.1116395,-1.280812025
"257",0.0784,11198102959,0.1458,0.7502,93.7272,0.2438,-0.06080818549,-0.3237016797,0.7747237086,-0.5441673994
"258",-0.1004,2.01546e+11,1.1197,0.5313,7.4797,2.6067,-1.52640605,-0.3697028458,1.838918328,0.1461159438
"259",0.0635,25092370275,0.106,0.4191,137.0525,0.3877,0.3673004806,0.2049768567,0.3317790329,-1.006147981
"260",0.0205,10271812677,0.0822,0.3371,119.5442,7.7855,1.045493126,0.1509217918,0.2660132647,-0.8908049464
"261",0.0508,9707020743,0.0707,0.284,26.6465,0.9867,1.008788347,0.2225922048,0.4344587326,-0.7180566788
"262",0.0241,14301958342,NA,0.1453,44.0858,1.2694,0.350440681,-1.718338966,1.634289742,0.6471959352
"263",0.0046,12981375490,0.2366,0.711,44.7522,5.3673,-0.8268715143,1.320251465,-0.4956080914,-2.503943682
"264",0.0826,4674172303,0.2128,0.3457,32.7371,2.0557,-0.8217867017,-0.4320893586,1.34317708,-0.1601272672
"265",0.6267,14113087365,NA,0.2991,62.2844,4.088,-1.233172774,-0.1217204854,1.414756775,-0.2341924161
"266",0.0995,12749724000,0.3277,0.3744,112.3231,4.2299,-2.029123068,0.5129903555,1.678638697,-0.3265725672
"267",0.2198,7550948979,0.1185,0.3783,37.3242,1.0426,2.105419159,-0.5675054193,-0.2799107432,-1.142062426
"268",0.0736,1.22585e+11,0.194,0.2345,23.8934,7.1232,-0.0201196596,-0.7905880809,1.707927227,0.5321304798
"269",0.0761,74474022146,0.6445,0.3143,189.0195,2.7142,-1.302289486,-0.004641972017,1.312982917,-0.3834548295
"270",0.152,10960058388,NA,0.0196,76.8897,10.9782,-1.871733785,0.8217822313,-0.5205192566,-2.854419947
"271",0.045,9968314886,0.045,0.3853,15.1306,0.0895,-1.520127892,1.484863639,-0.5752418637,-2.862714767
"272",0.0554,84220700596,0.169,0.4816,82.6973,0.7086,-1.568058968,-0.2109283358,1.284664154,-0.4925090671
"273",0.3823,28053370507,0.3449,0.1936,68.5275,29.5006,1.270128965,-2.403988123,1.209699869,0.5190116763
"274",0.0387,26136010396,0.1481,0.1287,38.3333,3.2356,0.7195939422,-0.2523896694,0.3736651838,-0.8019371629
"275",0.1311,31904973500,0.2675,0.332,101.6635,1.0452,-1.158095598,-1.716122746,1.644870996,0.2235051841
"276",-0.0374,7148172868,0.1714,0.3004,81.8836,4.7773,-1.093914032,-0.04644082487,1.269009113,-0.3684040606
"277",0.1963,1.94837e+11,1.0655,0.2548,14.3612,7.4563,-1.042945504,0.1746937186,1.043417215,-0.6466386914
"278",0.0277,10894274302,NA,0.3999,13.8034,0.4539,-1.33082962,0.6950032115,0.8526816368,-1.039235473
"279",-0.0335,6104683039,NA,0.5939,6.8041,1.0578,-1.88887167,0.8649576902,-0.4151390195,-2.710200787
"280",0.015,37033105368,-1.0744,0.3945,60.8506,0.9263,0.2121651769,0.005018069409,0.6842021346,-0.619684875
"281",0.0938,8932771666,0.3464,0.5524,27.3619,1.8102,-1.132211924,-0.7738934159,1.93324542,0.4277089238
"282",-0.0751,3448056362,-0.3057,0.5452,13.086,1.7231,-0.6644920707,-0.6051253676,1.538088441,0.1295688599
"283",-0.0787,1.36891e+11,0.2476,0.9471,27.0177,1.1128,-0.200327158,-0.9077296853,1.237696409,-0.02357816882
"284",0.1681,20535482435,0.1212,0.3716,17.0923,3.8699,-1.822510362,4.173969746,1.255764484,-1.334264755
"285",0.0495,28848302147,0.023,0.1305,1001.7163,12.8462,-0.3898887932,0.1742818207,0.8933548927,-0.5977327824
"286",0.0568,26831664000,0.814,0.5958,23.1874,8.7944,4.513588905,0.9672341943,-0.1621320248,-0.6970105171
"287",0.0016,58197031662,-5.1935,0.2929,17.8411,0.7566,3.501408577,-0.6616942286,-0.9811496735,-1.623399615
"288",0.0082,1.10178e+11,0.1774,0.2818,22.0778,2.7044,0.322096169,0.8213888407,1.507033944,0.2060334682
"289",0.0904,40519578627,NA,0.0252,68.8471,16.032,-0.7740955949,-1.648652911,1.944746375,0.6514818668
"290",0.0894,12789822461,0.023,0.5055,21.6133,2.8052,-0.4190152884,-1.106866121,1.470766902,0.1955561489
"291",0.0519,8678308607,0.145,0.2487,134.1652,1.5999,-0.2971359193,-0.5067847371,0.7644689679,-0.6286587119
"292",0.1189,19749779250,1.9396,0.4579,41.0807,0.7337,3.198518753,-1.037347913,-1.254225731,-1.940162301
"293",0.0703,10778323987,0.0819,0.3267,67.4818,0.7138,-0.102375403,-0.3369613886,1.081919432,-0.2222034782
"294",0.066,40170720656,0.9643,0.2699,29.5455,2.1067,-0.5796267986,-0.4833169878,1.274165988,-0.1547214389
"295",0.035,1.10949e+11,0.3518,0.4006,55.6754,4.8479,-0.5234665275,-0.9198403955,1.376238346,0.02486239187
"296",0.13,27216862535,0.6867,0,6.8331,1.1442,-1.333524823,-0.7106244564,1.294177294,-0.35435462
"297",-0.0083,92806056307,-0.4656,0.4627,13.4983,0.7094,1.43024075,-0.6136439443,0.7051668763,-0.1820813119
"298",0.2939,11259581183,0.0348,0.2251,24.915,2.203,-1.082303286,-0.08378350735,1.224630237,-0.429913044
"299",0.2884,40767266569,0.0558,0.2961,187.4556,3.2568,-0.9254520535,1.104545832,-0.7893195152,-2.847960234
"300",0.0541,1.98695e+11,0.3667,0.3039,16.2646,3.063,3.880499601,1.215596795,-0.01404077932,-0.7848680615
"301",0.3813,11920496062,0.0613,0.2579,7.7801,1.7281,1.506342769,-0.8038644791,0.5908839107,-0.2718727887
"302",0.057,68204136670,NA,0.2333,23.4819,51.0515,3.947432756,1.382830858,-0.3891032934,-1.187114477
"303",0.1428,7.68397e+11,0.1125,0.316,14.3325,17.3725,-0.1195952147,-0.2982769608,0.6419644952,-0.7372630835
"304",0.1509,18812245935,0.4664,0.5654,45.2155,7.7401,1.047851205,-2.450669765,1.36904788,0.6381543279
"305",0.0608,20089397028,NA,0.1069,41.2966,69.1849,-1.31210041,0.9083835483,-0.4930444658,-2.589256048
"306",0.0773,14164966936,0.4982,0.3951,116.4191,7.0635,-0.3059889972,-0.2275899053,0.6286579967,-0.8133698106
"307",0.4955,61191608681,0.4163,0.1069,26.3811,5.6476,-1.703570843,-0.02307036519,1.356903791,-0.470900625
"308",-0.0398,14128302853,0.0892,0.4235,22.2233,0.7543,-1.133928418,0.9202741385,0.9981485009,-0.8319544196
"309",-0.718,2272681235,NA,0.9497,6.0462,20.2385,-1.395876288,-0.04156767949,1.433525443,-0.2801145017
"310",0.1715,9001029240,-0.0036,0.3129,10.323,1.4824,0.3287951946,-0.4926254153,0.3218468428,-0.9442895055
"311",0.1221,9396137006,0.1003,0.4269,27.1528,0.7348,-1.662284493,1.27661252,-0.4776007533,-2.754514694
"312",0.0833,13373974611,2.6023,0.244,26.0861,3.5741,-1.729215503,2.682323933,1.293060422,-0.9713532329
"313",-0.026,83076444572,0.1122,0.3637,35.3487,1.3483,-0.7643733025,-0.4722667038,1.222609878,-0.2569046617
"314",-0.0171,18456676900,0.0217,0.2057,13.6166,6.3774,0.8956451416,-2.366234541,1.298431277,0.5074614286
"315",0.3508,1.16723e+11,0.3341,0.3989,36.2776,8.7155,-0.6909865141,-0.4192887247,1.180262685,-0.3051565886
"316",0.0492,9209324233,-0.0037,0.4188,14.3464,0.3397,0.07144033909,-0.3566895723,1.294074655,0.05272107571
"317",0.0596,1.15724e+11,0.1427,0.1691,22.4147,2.6167,-1.578159332,-0.4148878157,1.794023752,0.08897483349
"318",-0.0087,8281760856,-0.8747,0.5525,18.3211,1.4736,-1.751007318,1.567919254,-0.1871554255,-2.496175051
"319",0.1573,42519466979,0.4151,0.3687,173.2585,9.0904,-0.622669518,-0.02222596854,1.5627774,0.09459231049
"320",0.1573,9852520284,-0.004,0.1369,22.3624,3.7751,0.6756702662,0.2299519926,0.3366727829,-0.9028165936
"321",0.0445,11481228950,0.0631,0.7055,31.1776,1.9079,-0.7285109162,-0.5291389227,1.026433229,-0.4551556706
"322",0.086,40726761408,0.0878,0.3075,42.0713,1.3145,-0.1487818062,-0.02998254821,1.267241359,-0.08714152873
"323",0.0779,18057990519,0.0278,0.1928,22.0858,10.9739,-1.102762818,0.01171130873,0.8433944583,-0.860185504
"324",0.1058,18506437975,NA,0.1064,26.7746,179.6617,-0.5234398246,-0.1881600916,0.6113048196,-0.9161137342
"325",0.2377,16264844897,0.2114,0.2395,79.8493,4.456,0.1143449172,-0.3179579377,0.583447814,-0.7472841144
"326",0.4058,1.49591e+11,0.3349,0.1779,16.217,6.6811,-1.758349895,0.2150636613,1.504325867,-0.3675754368
"327",-0.0964,8677812000,-1.5296,0.3958,18.2202,1.0464,0.3377542198,-0.3312526643,1.124852419,-0.06497769058
"328",0.1087,8830900761,-0.4138,0.1194,15.4813,3.4895,4.76540184,1.497890115,-0.7102766633,-1.453517795
"329",0.0922,18604135839,NA,0.4259,4.5878,0.0359,-1.319517255,-0.2761876285,1.574137807,-0.07127038389
"330",0.0344,22192951684,0.0819,0.5161,30.6043,0.0291,0.4061617851,-0.5683757067,1.295131326,0.1803311408
"331",0.0011,16413499637,-1.5625,0.1987,68.2276,16.2977,-1.162857056,0.4566803277,-0.1301195174,-2.050045252
"332",0.0421,1.90726e+11,0.057,0.4397,9.5567,5.2463,-0.4674410522,-1.530733943,1.613994718,0.3789301515
"333",0.0622,27582330147,0.4093,0.4282,117.1465,0.3847,1.295069337,-0.7046703696,0.4560462534,-0.491701901
"334",0.4264,46343492074,0.1217,0.2353,25.0773,4.0171,-1.849809408,0.5453752279,-0.1271967739,-2.283941507
"335",0.0713,23561278633,1.0037,0,9.4086,0.9978,0.02809672803,-0.037719924,0.7849718332,-0.5678237677
"336",0.1016,5445364944,NA,0.0938,4.1668,2.4698,-0.8959403038,0.2344472408,1.580225587,-0.005847028457
"337",0.2076,19966727099,0.2295,0.3905,66.9393,9.7889,0.06907027215,-0.3420790434,0.5746620893,-0.7478576303
"338",-0.0219,12318514055,-0.2629,0.2857,32.4159,3.2263,-1.585002422,0.05870912969,1.185634136,-0.623994112
"339",-0.0228,2203079520,0.174,0.2923,59.1096,0.6812,-2.062947989,0.8953345418,1.122056723,-0.9907765388
"340",0.0662,26308657406,0.0437,0.3415,19.2381,0.3512,1.10023725,-2.256246567,0.9964902401,0.2281658649
"341",0.0179,1.5595e+11,0.7216,0.4163,45.6968,7.5746,-0.7607375383,-0.392539978,1.517740846,0.036438182
"342",0.021,2.52318e+11,0.3546,0.2618,9.1361,0.194,0.8403940797,-0.245217979,0.8211098313,-0.2394151092
"343",0.0102,12502251406,NA,0.0136,50.2995,10.5194,-0.6664176583,0.02722617052,1.150037885,-0.3800573945
"344",0.0273,1.96466e+11,0.6217,0.2644,26.5776,1.0216,1.716450095,-0.688962698,-0.07417016476,-0.9633447528
"345",0.1915,35181122948,NA,0.0946,54.909,0.1288,3.775971413,1.184646606,0.2232590169,-0.5137800574
"346",0.189,20753637585,0.2833,0.3236,107.5696,6.1834,1.954023004,-0.3632215858,0.8190844655,0.03532207012
"347",0.1878,7299586019,NA,0.3319,35.9278,3.9978,0.6758118868,-0.8239892125,0.5544273853,-0.520849824
"348",0.0884,7886744491,0.1629,0.3809,74.2307,3.8255,-1.252950788,-0.1441748142,1.575804234,-0.07819256186
"349",0.2308,8737840260,0.3044,0.3165,24.9732,1.4663,2.51533246,-0.668110311,-0.3730814457,-1.122514725
"350",0.0712,36966001600,NA,0.2887,4.9429,0.6061,1.612855434,-0.1004767939,0.3007298708,-0.6722428203
"351",0.0221,1.0378e+11,0.837,0.7979,51.3488,4.2412,-0.6090717912,-0.1284901649,0.9245316982,-0.5755455494
"352",0.0492,53945141568,NA,0.1509,36.6852,35.334,1.256860971,-0.2455491424,0.4582640529,-0.5538903475
"353",0.042,6558646913,0.7042,0.2069,16.8663,0.4226,0.6820417047,-0.517603457,0.977653265,-0.09717917442
"354",0.0353,9549193763,0.0392,0.2952,32.9196,0.0514,2.792489529,0.5151993036,0.5332861543,-0.2436982989
"355",0.0424,24523426069,0.3053,0.3132,64.0891,3.7601,0.5678264499,-0.3299053609,-0.06398545206,-1.329467535
"356",0.0454,20403263790,0.0565,0.5076,11.0513,0.8816,1.272833943,-0.6263600588,0.1474566013,-0.8438485265
"357",-0.0434,5264441080,0.0597,0.2952,34.3374,3.9993,-2.126316786,-0.1553768069,1.656653762,-0.2722319365
"358",0.0553,33680150000,NA,0.0377,152.523,37.1743,1.328846335,-0.9178553224,-0.04503703862,-1.016268969
"359",0.0321,35293116421,NA,0.1292,15.832,2.0763,-2.081110954,1.028098941,-0.4920041859,-2.879563808
"360",0.0917,39725946404,0.2128,0.2055,242.6494,6.4137,0.1615158767,-0.8063035011,0.6282861233,-0.6205317974
"361",0.0868,11250915098,0.2612,0.2592,115.883,6.4202,1.066540956,-1.0790627,0.1120411828,-0.8836414814
"362",0.1801,4395524732,0.1049,0.1563,73.0335,0.5144,-1.857371926,0.9118208885,-0.06128046662,-2.277242184
"363",0.7259,22419173945,0.0627,0.1276,55.0585,4.8246,-1.045429111,1.363861918,-0.7546554804,-2.891556501
"364",0.18,99088215710,0.2342,0.0461,13.0498,6.3978,-0.7175291777,-0.6768547893,1.469501019,0.02946603298
"365",0.0159,1.06657e+11,-0.5534,0.5003,15.4552,8.0499,1.410826564,0.6342820525,1.086820602,0.05589337274
"366",-0.0195,8668606339,-0.0145,0.1541,23.4236,7.2947,-1.61034596,0.7776382565,-0.5210360289,-2.715035677
"367",0.0816,20437757565,0.1029,0.3891,45.4259,1.3773,-0.7627126575,-0.8477029204,1.200649977,-0.2604953051
"368",0.1164,8851508044,NA,0.0256,181.49,16.1409,0.1759743989,-0.1861486882,0.6406580806,-0.6531772614
"369",0.1388,9942922634,NA,0.3395,6.6156,0.2667,1.215972304,-0.6240112185,0.9965379834,0.09278449416
"370",0.1428,40425609654,0.3225,0.0604,62.1946,13.6024,-0.8682300448,-0.6223871708,1.140286565,-0.3930499852
"371",0.0325,13833183811,NA,0.1116,5.0595,3.2399,0.3685505986,0.3298221827,0.5290690064,-0.8129689693
"372",0.1013,6948371830,0.5573,3e-04,48.1298,2.295,0.9027567506,-0.6751167774,0.9964197874,0.001543937251
"373",0.1418,13471340304,NA,0.0767,50.0741,40.896,3.505235434,-0.9992533922,-0.06232003868,-0.5159785748
"374",-0.0707,8782542213,0.0517,0.097,75.6707,15.9682,1.341390491,-0.7779750228,0.294300288,-0.6477129459
"375",0.1323,14813386897,0.3354,0.0919,16.3921,1.3218,2.930160284,0.4981884956,0.3297738731,-0.4175968468
"376",0.0562,23156224013,0.4575,0.2836,53.1579,4.9346,-0.7885469794,-0.286605835,1.217204452,-0.3046553433
"377",0.1267,27566391208,3.2431,0.3241,50.3023,3.531,1.611485839,0.02309760824,-0.01029834524,-1.041983247
"378",0.0985,29387027169,0.3778,0.0694,37.0821,3.3851,-1.634609818,0.870721817,0.07415949553,-2.042745829
"379",0.2572,2387764238,-0.1967,0.3952,13.3348,0.0022,3.000992298,0.7456230521,0.2186564803,-0.596188724
"380",-1e-04,23398291670,0.151,0.3857,30.7155,0.2157,1.945858598,-0.9739128947,-0.2546883225,-1.127738595
"381",0.0675,43639882950,0.3975,0.1745,95.0815,12.6785,0.06439206004,-0.5794821978,0.8583889008,-0.4047551751
"382",0.0799,18345609541,0.0243,1.3777,16.2363,1.5308,0.07544293255,-0.2518725991,0.3848043084,-0.9753565788
"383",0.1042,74982978000,0.3547,0.3908,17.8777,6.3328,0.5898215771,-0.5504311323,0.68652004,-0.464961201
"384",0.1757,56084304826,NA,0.0232,7.5163,30.7871,-1.901537895,-0.4447598755,1.851840138,0.05238277838
"385",0.0608,5467271320,0.1752,0.6879,29.6907,1.7045,1.468661785,-0.6494911909,0.3416876197,-0.5975509286
"386",0.1702,36838210687,0.608,0.4883,187.2817,1.6609,-1.167586684,-0.07509963214,1.540862799,-0.1032644138
"387",-0.0242,2958025306,0.158,0.1254,99.254,3.573,-2.113571882,-0.05256344378,2.323293686,0.4523515701
"388",-0.0048,12959390119,0.5949,0.3158,64.7637,1.6954,-1.243219137,-0.4375922978,1.011772037,-0.6591003537
"389",0.078,49963649305,0.1535,0.2277,23.6931,1.0347,4.808845997,1.314024925,0.07092364132,-0.6113148332
"390",-0.1879,6743209012,NA,0.4383,14.1481,3.2173,0.21326904,-2.024196625,1.653337121,0.6520062089
"391",-1e-04,8136240000,0.3863,0.2107,72.2984,2.5027,-1.351300716,-0.1232826486,1.596733212,-0.08570866287
"392",0.1454,13303093220,-1.7349,0.0764,20.9416,4.8519,0.3700790107,-1.201023579,0.6822540164,-0.4469213486
"393",0.0201,45188791001,0.0295,0.4007,23.0343,1.3686,-1.82389915,-0.5791913271,2.04500556,0.3065516353
"394",0.0215,51960048676,NA,0.7595,18.2924,1.6629,0.4061773717,-0.6221591234,0.6499050856,-0.5467028618
"395",0.0322,42637946000,1.5727,0.3872,24.9422,7.8039,3.808691978,1.077403665,0.2855532169,-0.3803559542
"396",-0.0265,3323925230,-0.323,0.4311,40.0218,0.3938,1.395383954,-0.3009118736,0.2308854312,-0.7651811838
"397",0.0428,29607299418,0.0344,0.3781,43.5965,0.5894,0.3933788836,-0.522561729,0.9065285921,-0.2721362412
"398",0.0498,22661946194,NA,0.1106,19.5369,16.2609,-0.202514261,-1.864735007,1.591184735,0.4580717385
"399",0.0727,23937315905,NA,0.0624,32.2111,204.9879,0.3476487398,-0.8823056817,0.5178248286,-0.6579009295
"400",0.0383,16210400514,0.4059,0.5121,38.8333,6.434,1.585347533,-0.292232573,-0.04332345724,-1.044277787
"401",0.0354,41956156482,0.3701,0.496,38.9146,0.4636,-2.040034771,3.786752462,1.076241016,-1.534041047
"402",0.0783,18087935656,0.2437,0.2163,92.5618,1.9112,1.042558432,-1.238711119,0.9442527294,0.05675127357
"403",0.0593,16235415947,0.3048,0,21.3348,4.0447,2.023698807,-0.3706852496,-0.3233141899,-1.238029599
"404",0.0945,16861446010,NA,0.2247,10.7676,13.073,1.019284606,-0.195186168,0.6119415164,-0.465475291
"405",0.093,58653857081,0.4923,0.3621,36.3566,9.6659,0.1565365791,-0.6976189613,0.9330283999,-0.2791206241
"406",0.0606,35406370305,0.241,0.4608,112.305,1.0562,1.398248196,-0.4116381109,0.1355548799,-0.8681092262
"407",0.0636,2.07714e+11,0.1429,0.3319,23.4619,0.715,-0.2325100005,-0.08037564903,0.1666798294,-1.33347702
"408",-0.0212,11131294281,0.3632,0.3483,49.8593,4.8977,-0.5121414065,-0.4980437756,1.092896938,-0.323399514
"409",0.0876,19481563658,0.3043,1.0557,68.5491,37.2865,-2.450180292,0.918423593,1.191015244,-1.048814178
"410",0.148,30639977008,0.4852,0.1962,39.9657,2.4229,-0.1012293547,-0.03684459999,0.5439427495,-0.8836417198
"411",0.0348,38468636370,0.1213,0.3305,132.981,4.8336,0.8819582462,-1.002757788,0.4196581542,-0.6196734905
"412",0.042,13254185670,0.0871,0.1835,33.4924,7.7968,4.047446728,1.185694814,0.1659453064,-0.582408011
"413",0.0808,48092928530,0.3117,0.1587,28.1589,2.1658,2.993792295,-1.58888495,-1.19441545,-1.831021786
"414",0.1645,90092568528,0.3399,0.3377,60.592,5.2313,0.3808995187,-0.3814022839,0.6649056673,-0.5794324875
"415",0.3101,13346107213,0.167,0.2397,20.6027,4.3567,-0.2341239303,-0.4520050287,0.4131925404,-1.02505374
"416",0.0379,7425724645,0.1458,0,11.7029,4.7464,4.375810146,-0.5646540523,-1.464242816,-2.030646801
"417",0.1066,22217241719,NA,0,22.3249,5.9222,0.3188422918,-0.2837303281,0.3287250102,-0.9649624228
"418",0.0477,31719715779,NA,0.063,113.2461,1.3949,0.7975921631,0.01049958635,0.4996129274,-0.6767386794
"419",0.0903,10185358426,0.2674,0.1427,64.5005,0.7036,-1.309274316,0.6825384498,0.5556463599,-1.348307967
"420",0.0468,21534996978,0.443,0.3392,109.7315,0.7397,1.281803012,-0.3904393911,0.1774069965,-0.8602308631
"421",0.055,90771335991,0.6337,0.2957,16.2722,2.5134,1.140792966,-0.965678215,0.6006076336,-0.3306194842
"422",-0.0159,11173799017,0.2135,0.2653,57.5071,4.5563,1.866253257,-0.2598569989,0.9529028535,0.1455261707
"423",0.0409,NA,NA,NA,NA,NA,0.1435476989,-0.5309732556,0.8656690121,-0.3843332231
"424",0.0409,7922634235,-0.022,0.1717,11.6487,1.2503,0.3688759506,-0.7207173109,0.4866528809,-0.7204582691
"425",0.0931,22813445217,0.0822,0.4036,151.5904,14.8827,0.06185746565,0.4380378425,-0.05610832945,-1.562745571
"426",0.0513,10633633868,NA,0.4601,3.9036,0.7789,1.638804674,-0.6785496473,0.5323607326,-0.3373745382
"427",0.0348,10783241964,0.1461,0.3549,115.4882,1.1281,0.02254756726,-0.6788974404,1.335202694,0.1548091769
"428",0.2121,12990768720,0.2478,0,95.596,4.5072,0.0792613551,-0.7599244714,1.260900021,0.06490776688
"429",0.1247,2.39662e+11,-1.9782,0.2401,234.9398,11.2835,0.3084335327,-0.2098989636,0.2809276879,-1.048039317
"430",0.0276,6426830724,NA,0.048,53.0221,0.4297,-0.5420117974,-0.04425188527,1.101648688,-0.3882190883
"431",0.075,1.01846e+11,0.1143,0.3786,30.4062,1.6953,0.4664563239,-1.347003818,0.9165740013,-0.1525219977
"432",0.0792,83800328165,0.1669,0.4546,83.6346,4.9172,3.313294888,0.1195532158,-0.4526656568,-1.146093249
"433",0.2117,8315451834,0.1112,0.6478,99.22,0.5302,3.409694672,1.200820446,0.5931521058,-0.1031413451
"434",0.0411,73855445987,NA,0.1187,12.9388,13.1291,0.5788877606,-0.4863298237,0.9188151956,-0.1979991049
"435",0.1114,85288797722,0.3207,0.3393,83.0847,7.6862,2.719465017,-0.1124175563,-0.5402755141,-1.392592669
"436",0.1226,3.06745e+11,1.0978,0.2402,10.0581,4.7111,1.705225945,0.6427143216,-0.2963091135,-1.423020601
"437",0.1145,10246908541,0.1334,0,31.9027,5.5169,-1.030297399,-0.3924239576,1.428741097,-0.1325277239
"438",0.0314,27312612065,0.3156,0.2381,26.4986,2.9509,-0.2323474586,-0.04967576638,0.7037312984,-0.7286035419
"439",-0.0241,13076964726,0.5845,0.4239,32.1406,3.8664,0.7537608147,0.01559034083,0.3515768647,-0.8493332267
"440",0.2453,31810388903,0.0872,0.1816,274.7254,7,4.160615921,0.9442401528,0.1262868941,-0.4471801519
"441",0.1266,13046324221,0.1094,0.2962,33.105,0.3354,0.5439997315,-0.695951283,0.3777650893,-0.7923439741
"442",0.0382,11803428112,NA,0.5725,11.3749,3.7688,0.9697961211,-0.1124632061,0.4693422318,-0.6263645887
"443",0.1165,17950180175,-4.8205,0.4616,14.5327,0.8464,2.551368952,-0.5747044683,-0.1401482522,-0.845913887
"444",0.0428,17926543357,0.9345,0.9324,10.7091,3.1504,3.884255409,1.167427659,-0.09649953246,-0.7845245004
"445",0.2246,42348521980,0.5932,0.0931,11.9846,10.4216,-1.666387796,1.146901965,-0.2980971634,-2.521653414
"446",0.048,20885446117,NA,0.4753,10.5141,0.369,3.506557941,-0.2428487241,-0.6612870693,-1.291627407
"447",0.0383,2.32302e+11,0.1806,0.4269,31.7013,0.665,0.3635908067,-0.01718296297,0.2406849712,-1.11512208
"448",0.048,14289430078,0.2322,0.3081,31.4309,10.3424,-0.745233357,-1.274702907,0.84920156,-0.5837681293
"449",0.1127,68039754516,0.4979,0.2113,132.7316,0.7921,1.507190704,-0.8249416351,0.4651164114,-0.3962559104
"450",0.0814,23164327942,0.0728,0.3821,69.5185,16.8519,1.479498267,-2.170402527,1.052912235,0.368588239
"451",0.0041,21853334292,0.0507,0.3525,24.3407,0.2678,2.480204344,-0.7687321901,0.1734633595,-0.534948349
"452",-0.0139,2.1691e+11,NA,0.1766,17.6394,36.1037,0.02127387933,0.2591671348,0.6764002442,-0.7314825654
"453",-0.0102,6819190349,-0.112,0.3285,313.0506,22.2917,-0.9739032388,0.3131621778,1.005470037,-0.6914280653
"454",0.0379,19732470785,0.3372,0.1413,65.5156,7.9499,1.276426435,-0.3597255945,0.5995192528,-0.3774057627
"455",0.0296,37940621933,0.1677,0.4426,34.9809,0.8373,-0.1883551031,-0.5068430305,0.7835117579,-0.559800446
"456",0.0816,26692451784,-0.0057,0.4948,8.9213,0.1726,2.08659029,-0.346179992,-0.2782025337,-1.157209992
"457",0.0298,3.1579e+11,0.1028,0.2273,167.0594,2.2558,1.292762637,-0.4887374938,0.1656295806,-0.8639367819
"458",0.0959,13674020566,0.1809,0.253,63.835,2.4962,2.135466814,-0.1426852942,0.0654938966,-0.7773218155
"459",0.0119,7554289365,NA,0.3817,12.3725,2.1545,2.87806201,-0.6245114803,-0.2993275523,-1.009983659
"460",0.0389,16377512590,0.0512,0.3853,9.9078,0.4426,0.9017532468,-0.2957417667,0.2542410791,-0.8766064644
"461",0.1067,10755326815,0.0564,0.713,63.0594,20.833,-0.9116461873,-0.01990867779,1.189997911,-0.3908854425
"462",0.2194,5893917737,0.1689,0.2505,24.466,8.3749,-2.231323481,0.6178587079,1.480999589,-0.6076071858
"463",0.0117,25317328011,0.0354,0.3792,22.5773,0.2877,2.941919327,-0.1468642056,-0.3376044333,-1.107517004
"464",0.0468,17592443065,0.1308,0.3386,9.8841,8.7315,1.863028526,-0.1564792842,-0.2916454077,-1.289926887
"465",0.1876,2.88703e+11,0.0876,0.1092,68.5463,0.7185,0.09094146639,0.2390475124,0.5757363439,-0.8196459413
"466",-0.0018,9498048039,-0.5793,0.1908,17.7722,1.3803,0.03616871312,-0.5422404408,1.310366035,0.06625787169
"467",-0.0424,4708466290,0.1514,0.3516,41.2535,4.5492,0.05689015612,-0.0898109749,0.8890216351,-0.3984006941
"468",0.1062,11990654856,0.4034,0.3196,28.96,1.6463,-0.02901000157,-0.02540407144,0.6652444005,-0.6904166341
"469",-0.0323,28706783662,1.3491,2.4387,18.2132,0.935,1.948260427,0.01827318035,0.09712327272,-0.9076075554
"470",0.0166,21156422977,-0.0943,0.3705,38.9823,2.6673,0.9655191302,-0.1719598025,0.4513438046,-0.661421001
"471",0.0913,7829621341,NA,0.0928,14.5721,6.3692,0.3071025014,-0.2297615558,0.719428122,-0.5654020905
"472",0.0976,41097768446,0.2954,0.5987,12.0585,3.3163,0.4004479349,-0.2329349965,0.6370436549,-0.6674464345
