Sector,Name,Symbol,Feature 1,Feature 2,Feature 3,Feature 4
Industrials,3M Company,MMM,-0.5234665275,-0.9198403955,1.376238346,0.02486239187
Industrials,A.O. Smith Corp,AOS,0.5095832348,0.286456883,-0.0465871878,-1.40731144
Health Care,Abbott Laboratories,ABT,-0.3744578362,-0.6757110953,1.216313958,-0.1115066633
Health Care,AbbVie Inc.,ABBV,1.20543313,-0.4972319901,0.6669899821,-0.2909937799
Information Technology,Accenture plc,ACN,3.329297066,-0.9671343565,-0.7940058708,-1.376684546
Information Technology,Activision Blizzard,ATVI,2.482999325,-0.7018250823,-0.2221205682,-0.9393137693
Industrials,Acuity Brands Inc,AYI,-0.8623735309,-0.397683233,1.372729182,-0.1458292902
Information Technology,Adobe Systems Inc,ADBE,-0.9257280827,0.3737454116,0.9253681302,-0.7590430379
Consumer Discretionary,Advance Auto Parts,AAP,1.69224894,-2.307023287,0.8871960044,0.2911383212
Information Technology,Advanced Micro Devices Inc,AMD,0.8549079895,-0.6017428637,0.8857728243,-0.1308104694
Utilities,AES Corp,AES,1.084805131,-0.697286427,0.9075000882,-0.05171756074
Health Care,Aetna Inc,AET,-2.927898645,0.6444334984,1.503620505,-0.8300010562
Financials,Affiliated Managers Group Inc,AMG,2.444628477,-0.3059120178,-0.524006784,-1.382672668
Financials,AFLAC Inc,AFL,1.43462801,-0.01712188125,0.07681401819,-0.9590414762
Health Care,Agilent Technologies Inc,A,1.322312593,-0.3226217926,-0.1135368496,-1.16636014
Materials,Air Products & Chemicals Inc,APD,1.546167731,-0.008342020214,-0.1655355543,-1.252779722
Information Technology,Akamai Technologies Inc,AKAM,0.04270458966,0.5731273293,-0.07893763483,-1.640612602
Industrials,Alaska Air Group Inc,ALK,-1.153128505,-0.1548604667,1.11863327,-0.5511098504
Materials,Albemarle Corp,ALB,2.221940517,-1.534243822,-0.544334352,-1.282515883
Real Estate,Alexandria Real Estate Equities Inc,ARE,-0.6238895655,-0.5073097944,1.15108192,-0.301897347
Health Care,Alexion Pharmaceuticals,ALXN,-0.6689810157,-0.4557274878,0.9554166198,-0.5318328142
Health Care,Align Technology,ALGN,0.9116675258,-2.324282408,1.414755821,0.6302238107
Industrials,Allegion,ALLE,-0.3900731206,2.491349459,0.1432994455,-1.802623034
Health Care,"Allergan, Plc",AGN,-1.179868817,3.490352392,0.8524589539,-1.405496716
Information Technology,Alliance Data Systems,ADS,1.087991357,-0.8818132281,0.6695897579,-0.2796958983
Utilities,Alliant Energy Corp,LNT,-1.520127892,1.484863639,-0.5752418637,-2.862714767
Financials,Allstate Corp,ALL,1.662513375,-0.7091793418,-0.3780032992,-1.327523232
Information Technology,Alphabet Inc Class A,GOOGL,1.64687109,-0.08357617259,-0.2258444577,-1.264196873
Information Technology,Alphabet Inc Class C,GOOG,0.2679052949,-0.1129898429,0.6757535338,-0.614787221
Consumer Staples,Altria Group Inc,MO,1.43024075,-0.6136439443,0.7051668763,-0.1820813119
Consumer Discretionary,Amazon.com Inc,AMZN,0.3740850389,-2.200248003,1.473700285,0.5210971832
Utilities,Ameren Corp,AEE,0.7016282082,-0.2818151116,0.2469286919,-0.9594659209
Industrials,American Airlines Group,AAL,0.2149867415,-1.934115767,1.691741467,0.6841001511
Utilities,American Electric Power,AEP,-0.1528614908,-0.2772367001,0.6951594353,-0.7047929764
Financials,American Express Co,AXP,-1.273243427,0.3340659738,1.60150218,-0.1241264418
Financials,"American International Group, Inc.",AIG,0.006787783466,-0.5090165138,1.349722624,0.1051426902
Real Estate,American Tower Corp A,AMT,1.751856089,-0.7373570204,-0.4646844268,-1.410367489
Utilities,American Water Works Company Inc,AWK,2.88381958,0.6190600991,-0.7993429303,-1.759228706
Financials,Ameriprise Financial,AMP,-1.33850944,3.380372763,1.021275043,-1.298984885
Health Care,AmerisourceBergen Corp,ABC,0.1419883072,-0.09284677356,0.419545114,-0.9359362721
Industrials,AMETEK Inc,AME,-2.586739302,0.5590302348,1.721455455,-0.4389855862
Health Care,Amgen Inc,AMGN,0.3697056174,-0.9592758417,0.4469305873,-0.7468941212
Information Technology,Amphenol Corp,APH,0.2979237735,-0.5383532047,0.8093177676,-0.4165627658
Energy,Anadarko Petroleum Corp,APC,0.6144371033,-0.3876996636,0.2384972721,-0.9512216449
Information Technology,"Analog Devices, Inc.",ADI,-0.9385458231,-0.3678407669,1.351242185,-0.201289922
Energy,Andeavor,ANDV,-2.077764273,0.7246739268,0.9771888256,-1.131134629
Information Technology,ANSYS,ANSS,0.6320668459,-1.740436792,1.143773675,0.2365680635
Health Care,Anthem Inc.,ANTM,0.93739748,-0.39548558,0.6506345868,-0.4069021344
Financials,Aon plc,AON,0.8591332436,1.352063298,0.3597195148,-1.038332462
Energy,Apache Corporation,APA,2.666809559,-0.5556017756,-0.4155711532,-1.167219043
Real Estate,Apartment Investment & Management,AIV,-0.9165484905,-0.844217658,1.51232481,0.05091589689
Information Technology,Apple Inc.,AAPL,1.926322699,-0.2283466011,-0.07699194551,-1.013046503
Information Technology,Applied Materials Inc,AMAT,4.161217213,-0.9514482021,-0.8662320971,-1.310514569
Consumer Discretionary,Aptiv Plc,APTV,-0.05763128772,-0.1768005341,0.6758162379,-0.7062535882
Consumer Staples,Archer-Daniels-Midland Co,ADM,1.606159329,-2.736975908,0.9503974915,0.3808734417
Industrials,Arconic Inc,ARNC,-0.9566572905,-1.055786967,1.447567582,-0.004627488554
Financials,Arthur J. Gallagher & Co.,AJG,-0.5528431535,-0.3276839852,1.303692222,-0.1334155351
Financials,Assurant Inc,AIZ,-1.307196379,0.4581913948,1.331939101,-0.4175699949
Telecommunication Services,AT&T Inc,T,-0.2325100005,-0.08037564903,0.1666798294,-1.33347702
Information Technology,Autodesk Inc,ADSK,-0.4596833289,-1.964258552,1.893704295,0.7326030135
Information Technology,Automatic Data Processing,ADP,-1.512396097,0.7521420121,1.434407115,-0.4409009516
Consumer Discretionary,AutoZone Inc,AZO,0.9255580306,-1.119005919,0.9492434263,0.009518110193
Real Estate,"AvalonBay Communities, Inc.",AVB,0.6049746275,-0.2643284798,0.1084886193,-1.143962741
Materials,Avery Dennison Corp,AVY,-1.85407865,0.09798064828,1.826925397,-0.02769181505
Energy,"Baker Hughes, a GE Company",BHGE,-0.6497923136,0.1131431758,0.7283103466,-0.859343946
Materials,Ball Corp,BLL,1.436358333,0.977627635,0.3962677717,-0.7880704403
Financials,Bank of America Corp,BAC,0.2293945402,-0.630379498,0.8030152917,-0.403806895
Health Care,Baxter International Inc.,BAX,1.022938848,-0.6627437472,0.3465251923,-0.6792545319
Financials,BB&T Corporation,BBT,4.642396927,0.7916874886,-0.5561760664,-1.215001464
Health Care,Becton Dickinson,BDX,0.01465546153,-0.02197850309,0.8031156063,-0.5617792606
Financials,Berkshire Hathaway,BRK.B,-0.7082079649,0.2377247661,0.9478412271,-0.6297183633
Consumer Discretionary,Best Buy Co. Inc.,BBY,-1.380149245,-0.5590786338,1.521769524,-0.1135332659
Health Care,Biogen Inc.,BIIB,1.039694786,-1.333937049,0.7001594901,-0.2031293362
Financials,BlackRock,BLK,3.033363819,1.130478978,0.1566740572,-0.6452487111
Financials,Block H&R,HRB,-0.1221435219,-0.7632195354,0.5653524399,-0.7733983994
Industrials,Boeing Company,BA,-0.7873858809,0.1855687201,0.9605734348,-0.6495876312
Consumer Discretionary,BorgWarner,BWA,1.415440917,-0.5590118766,0.3695001602,-0.5667194724
Real Estate,Boston Properties,BXP,-1.845268011,3.415465593,1.224173665,-1.250861406
Health Care,Boston Scientific,BSX,1.623255014,-0.6711801291,0.1764878631,-0.7223693728
Financials,Brighthouse Financial Inc,BHF,-2.738532305,0.8623117208,1.707523584,-0.5715435743
Health Care,Bristol-Myers Squibb,BMY,1.863824129,-0.157234773,-0.1575145572,-1.140286922
Information Technology,Broadcom,AVGO,1.118478179,-0.2380068004,0.2220426947,-0.8829268813
Consumer Staples,Brown-Forman Corp.,BF.B,-1.907506347,0.837362349,1.582899809,-0.4222231805
Industrials,C. H. Robinson Worldwide,CHRW,4.731361866,1.034373283,-0.418795526,-1.037296772
Information Technology,"CA, Inc.",CA,0.2625180185,-1.702405095,1.345121264,0.3335800171
Energy,Cabot Oil & Gas,COG,-0.3671575189,-0.290767312,0.6435895562,-0.8103078008
Information Technology,Cadence Design Systems,CDNS,-1.269181371,0.5232101083,1.006512165,-0.7923105359
Consumer Staples,Campbell Soup,CPB,-0.6742939353,0.1363578737,1.081307411,-0.4705403745
Financials,Capital One Financial,COF,0.3903139234,-2.065607071,1.410033464,0.4556502998
Health Care,Cardinal Health Inc.,CAH,-1.099414468,-0.7777886391,1.712587237,0.1795684248
Consumer Discretionary,Carmax Inc,KMX,-0.06080818549,-0.3237016797,0.7747237086,-0.5441673994
Consumer Discretionary,Carnival Corp.,CCL,-0.3841905296,-0.2470330298,1.406348586,0.02852082998
Industrials,Caterpillar Inc.,CAT,-0.8658227324,0.6429457664,0.7859306931,-0.9337725639
Financials,CBOE Holdings,CBOE,-1.652157545,0.670894444,-0.2089866251,-2.328542709
Real Estate,CBRE Group,CBG,-0.8960953951,3.367565393,1.084331632,-1.074971199
Consumer Discretionary,CBS Corp.,CBS,4.397516251,1.108609676,0.04080044851,-0.5059677362
Health Care,Celgene Corp.,CELG,-1.704765797,4.251582146,1.139734626,-1.455477118
Health Care,Centene Corporation,CNC,-0.4603711367,-0.4984818399,0.8758024573,-0.5597113371
Utilities,CenterPoint Energy,CNP,0.07703353465,0.1079449207,0.5832073092,-0.8063269854
Telecommunication Services,CenturyLink Inc,CTL,2.587433815,0.03525099531,-0.179253459,-0.9812488556
Health Care,Cerner,CERN,-2.379868507,3.240231514,1.375938654,-1.201068997
Materials,CF Industries Holdings Inc,CF,-1.996813416,0.7219289541,1.297640204,-0.7239540815
Financials,Charles Schwab Corporation,SCHW,-1.901537895,-0.4447598755,1.851840138,0.05238277838
Consumer Discretionary,Charter Communications,CHTR,0.9357200265,-0.3973374665,0.4562212527,-0.6113462448
Energy,Chesapeake Energy,CHK,-0.2565850616,-1.493697643,1.27218473,0.05964889377
Energy,Chevron Corp.,CVX,-0.7150233388,-1.705746293,1.711875439,0.4071315825
Consumer Discretionary,Chipotle Mexican Grill,CMG,-2.227539778,1.330442667,1.456058741,-0.7380717397
Financials,Chubb Limited,CB,-1.605692506,0.2107294649,1.504481077,-0.3175646663
Consumer Staples,Church & Dwight,CHD,-1.671401143,-0.6603364944,1.726073027,0.03001771308
Health Care,CIGNA Corp.,CI,-0.1483391523,-0.8846720457,1.171769619,-0.09798585624
Energy,Cimarex Energy,XEC,-2.231323481,0.6178587079,1.480999589,-0.6076071858
Financials,Cincinnati Financial,CINF,-0.4305259585,-0.1183003113,1.472086668,0.06785329431
Industrials,Cintas Corporation,CTAS,3.165313005,1.665432811,-0.4505986273,-1.479891062
Information Technology,Cisco Systems,CSCO,-0.467617631,-0.3598886728,1.033575296,-0.392970711
Financials,Citigroup Inc.,C,2.782934904,-0.4980864227,-0.3091830015,-0.9761818647
Financials,Citizens Financial Group,CFG,-1.072816014,2.830385208,0.837926805,-1.301480651
Information Technology,Citrix Systems,CTXS,2.149790287,-0.5573881269,-0.393740207,-1.25937295
Financials,CME Group Inc.,CME,-2.021436214,1.363851428,1.120173573,-1.034657598
Utilities,CMS Energy,CMS,0.6837109327,-0.4604384601,0.785933435,-0.3284326196
Consumer Staples,Coca-Cola Company (The),KO,-1.52640605,-0.3697028458,1.838918328,0.1461159438
Information Technology,Cognizant Technology Solutions,CTSH,-2.052432775,-0.3236720562,2.161625147,0.3288280368
Consumer Staples,Colgate-Palmolive,CL,-0.1911484897,1.294895411,-0.3003028631,-2.08295846
Consumer Discretionary,Comcast Corp.,CMCSA,0.292835176,-1.120443225,0.8943969011,-0.2394245267
Financials,Comerica Inc.,CMA,-0.7353018522,-0.5409604907,1.492653012,0.05429302901
Consumer Staples,Conagra Brands,CAG,1.981976509,-0.2536195219,-0.0285382811,-0.9227935672
Energy,Concho Resources,CXO,0.3688995242,-0.1070655212,0.9402250648,-0.2753258646
Energy,ConocoPhillips,COP,-0.1209638566,-0.1096329913,1.604366183,0.2887050807
Utilities,Consolidated Edison,ED,0.09979964048,-0.7586377859,0.8888741136,-0.3194633424
Consumer Staples,Constellation Brands,STZ,-2.040034771,3.786752462,1.076241016,-1.534041047
Information Technology,Corning Inc.,GLW,-0.8423474431,-0.6173063517,1.445712686,-0.02046701312
Consumer Staples,Costco Wholesale Corp.,COST,-1.527710557,3.91067338,1.175296426,-1.276981831
Consumer Staples,"Coty, Inc",COTY,-0.3983227313,-0.4770413935,0.7338292599,-0.6888626814
Real Estate,Crown Castle International Corp.,CCI,1.064278245,-0.749337852,0.9362137914,-0.00952841714
Information Technology,CSRA Inc.,CSRA,-1.892612338,3.802103519,1.19361341,-1.357530236
Industrials,CSX Corp.,CSX,-1.957386136,4.133430958,1.584946752,-1.037552714
Industrials,Cummins Inc.,CMI,0.4409382641,-0.258995533,0.6100824475,-0.5919594765
Consumer Staples,CVS Health,CVS,-1.869273186,4.135510921,1.090615273,-1.541772366
Consumer Discretionary,D. R. Horton,DHI,-0.9052670598,-0.3136318326,1.141231775,-0.4246679246
Health Care,Danaher Corp.,DHR,0.09180240333,0.325933516,0.4010055959,-1.031522989
Consumer Discretionary,Darden Restaurants,DRI,-1.071259379,-0.3369245231,1.096247792,-0.5088299513
Health Care,DaVita Inc.,DVA,-0.09591767937,-0.9131557345,1.027431011,-0.2250968069
Industrials,Deere & Co.,DE,-1.421093345,3.308568239,0.9995761514,-1.325836062
Industrials,Delta Air Lines Inc.,DAL,-1.264717102,-0.06674198061,1.428627253,-0.2568509877
Health Care,Dentsply Sirona,XRAY,0.03616871312,-0.5422404408,1.310366035,0.06625787169
Energy,Devon Energy Corp.,DVN,-0.6702706814,-0.9893198609,1.42073977,0.0348120667
Real Estate,Digital Realty Trust Inc,DLR,1.177564502,-0.5182642341,0.4938262701,-0.4842580259
Financials,Discover Financial Services,DFS,2.342697144,1.313905954,0.9295321107,-0.001870844164
Consumer Discretionary,Discovery Communications-A,DISCA,1.981606603,-0.0519781895,-0.2117201984,-1.181753278
Consumer Discretionary,Discovery Communications-C,DISCK,0.91072613,-0.7314203978,0.7410056591,-0.2667757273
Consumer Discretionary,Dish Network,DISH,2.433564425,0.1082437858,0.3040247262,-0.4713027775
Consumer Discretionary,Dollar General,DG,1.801417947,-0.6139363647,-0.001469207811,-0.8781768084
Consumer Discretionary,Dollar Tree,DLTR,-0.2049940377,-1.79582727,1.859779239,0.7316105962
Utilities,Dominion Energy,D,-1.381373405,-0.5342960358,1.889626861,0.2859618366
Industrials,Dover Corp.,DOV,-0.4445432425,0.7224998474,1.827507138,0.3449314535
Materials,DowDuPont,DWDP,-1.733105183,0.8755918145,1.008834958,-0.9949476123
Consumer Staples,Dr Pepper Snapple Group,DPS,0.8970812559,-1.097824216,0.7691655159,-0.204285115
Utilities,DTE Energy Co.,DTE,-1.835417867,0.8139718771,1.373332858,-0.6201377511
Utilities,Duke Energy,DUK,-2.208774567,-0.2211715281,2.258897543,0.3917379975
Real Estate,Duke Realty Corp,DRE,2.674355507,1.362160921,-0.1069020554,-1.112553716
Information Technology,DXC Technology,DXC,-0.7249815464,0.1760475785,0.9140244126,-0.6885764003
Financials,E*Trade,ETFC,-1.377315402,0.6344159842,-0.136521861,-2.144904375
Materials,Eastman Chemical,EMN,-0.6893924475,0.1444372833,0.9546930194,-0.6238003373
Industrials,Eaton Corporation,ETN,-1.046315193,0.5457053185,1.143826127,-0.5915247202
Information Technology,eBay Inc.,EBAY,-1.029065967,-0.8343685865,1.150411725,-0.383831054
Materials,Ecolab Inc.,ECL,-0.818500638,-0.7152576447,1.128942251,-0.3631650209
Utilities,Edison Int'l,EIX,-1.721772552,4.054930687,1.00137496,-1.54912293
Health Care,Edwards Lifesciences,EW,-1.91909039,4.194496155,1.169554949,-1.494243741
Information Technology,Electronic Arts,EA,1.324296117,-0.2856267691,-0.2785365283,-1.354737997
Industrials,Emerson Electric Company,EMR,2.228786707,-2.637630463,0.6081890464,0.1630193889
Utilities,Entergy Corp.,ETR,0.9517803192,-0.257714361,0.8119154572,-0.2215916365
Health Care,Envision Healthcare,EVHC,0.1489431411,-0.8566048741,1.40474081,0.2574086785
Energy,EOG Resources,EOG,-1.04210043,1.091452599,-0.4943138659,-2.539757013
Energy,EQT Corporation,EQT,-1.855562687,-1.068607211,2.142349005,0.4662460387
Industrials,Equifax Inc.,EFX,-0.8857504129,0.5845164657,1.204638958,-0.4632507265
Real Estate,Equinix,EQIX,0.482855469,-0.6244885325,0.9972102046,-0.1157865524
Real Estate,Equity Residential,EQR,-2.025882959,-0.1924577057,1.648910761,-0.2371190935
Real Estate,"Essex Property Trust, Inc.",ESS,-2.06713295,1.018453598,1.069825053,-1.052785873
Consumer Staples,Estee Lauder Cos.,EL,-0.007358757313,-0.6758430004,0.8055151105,-0.4735501707
Financials,Everest Re Group Ltd.,RE,0.1759743989,-0.1861486882,0.6406580806,-0.6531772614
Utilities,Eversource Energy,ES,-1.415763021,3.753239393,0.8450446725,-1.593326092
Utilities,Exelon Corp.,EXC,0.5029167533,-0.510563314,0.03024536371,-1.211141229
Consumer Discretionary,Expedia Inc.,EXPE,0.2434554994,0.59998101,0.510263145,-0.904379189
Industrials,Expeditors International,EXPD,1.448594332,-0.8985826969,0.3810320497,-0.5049699545
Health Care,Express Scripts,ESRX,-0.3322809935,-2.107729673,1.590067029,0.4438792765
Real Estate,Extra Space Storage,EXR,-1.657590985,3.93265295,0.9728648663,-1.574439287
Energy,Exxon Mobil Corp.,XOM,0.09094146639,0.2390475124,0.5757363439,-0.8196459413
Information Technology,F5 Networks,FFIV,1.641575217,-0.421808511,-0.3649589717,-1.374941826
Information Technology,"Facebook, Inc.",FB,0.4226392508,-0.2887594998,0.9686822295,-0.2211161554
Industrials,Fastenal Co,FAST,2.068912506,-0.5835420489,0.3599545658,-0.4458840489
Real Estate,Federal Realty Investment Trust,FRT,3.186530113,-0.3717630804,-0.2146258205,-0.8434070349
Industrials,FedEx Corporation,FDX,-0.1285731196,2.869870901,0.438770622,-1.439613461
Information Technology,Fidelity National Information Services,FIS,1.063646078,0.5194929242,0.8747543097,-0.2519731522
Financials,Fifth Third Bancorp,FITB,1.51299262,-0.1111556217,-0.1218750104,-1.157410383
Utilities,FirstEnergy Corp,FE,-0.439026773,-0.2610022724,0.7707529664,-0.6879842877
Information Technology,Fiserv Inc,FISV,-1.364445686,-1.214492679,1.862989545,0.3197104335
Information Technology,FLIR Systems,FLIR,-2.159071445,0.09671267867,1.705913544,-0.2414591461
Industrials,Flowserve Corporation,FLS,-0.141326651,-0.8059572577,1.031989098,-0.2433545887
Industrials,Fluor Corp.,FLR,-2.031518459,0.4923877716,1.848329306,-0.1327088773
Materials,FMC Corporation,FMC,2.482941389,-1.002116561,-0.2211728692,-0.9088931084
Consumer Discretionary,Foot Locker Inc,FL,-1.335713506,-0.7047606111,1.162108183,-0.4971346259
Consumer Discretionary,Ford Motor,F,1.575472713,-0.3583175838,-0.3499196768,-1.377415895
Industrials,Fortive Corp,FTV,1.612982035,-0.6427755356,0.2317341566,-0.6742839217
Industrials,Fortune Brands Home & Security,FBHS,-1.545109749,3.948832035,1.35746479,-1.067133427
Financials,Franklin Resources,BEN,-1.360857487,-0.6172862649,1.3073107,-0.3520354331
Materials,Freeport-McMoRan Inc.,FCX,-0.4542817175,0.3712716699,0.9601828456,-0.5775020719
Consumer Discretionary,Gap Inc.,GPS,0.2728889585,-1.609110355,0.9860680103,-0.09473476559
Consumer Discretionary,Garmin Ltd.,GRMN,-1.290284395,-0.6770641804,1.673920989,0.09137201309
Information Technology,Gartner Inc,IT,2.636048079,0.1879350543,0.008561913855,-0.8197826147
Industrials,General Dynamics,GD,1.068018913,-0.561116159,0.5623024106,-0.4521022737
Industrials,General Electric,GE,-1.934204102,0.8709859252,1.307377338,-0.7381790876
Real Estate,General Growth Properties Inc.,GGP,-1.174530149,-0.4163350165,1.104435921,-0.5068079233
Consumer Staples,General Mills,GIS,-0.854385376,2.236088753,1.285753727,-0.6262266636
Consumer Discretionary,General Motors,GM,-0.6783836484,-0.0705062151,1.1850034,-0.3275391459
Consumer Discretionary,Genuine Parts,GPC,-0.1360156238,-0.6402823329,0.9785897136,-0.3070435226
Health Care,Gilead Sciences,GILD,-0.0000245212359,-0.7387412786,1.512461662,0.3044047654
Information Technology,Global Payments Inc.,GPN,1.066382051,-0.1942280382,-0.03252267838,-1.170113683
Financials,Goldman Sachs Group,GS,-2.366927624,-0.2284413427,2.031704426,0.07136300951
Consumer Discretionary,Goodyear Tire & Rubber,GT,-0.2881022394,-1.144983649,1.667511821,0.4643119872
Industrials,Grainger (W.W.) Inc.,GWW,0.8461102247,-0.4792267978,0.4711166918,-0.6461240053
Energy,Halliburton Co.,HAL,-1.989947081,4.274620533,1.364163876,-1.307466865
Consumer Discretionary,Hanesbrands Inc,HBI,1.052163243,-0.6182576418,1.416891217,0.5100427866
Consumer Discretionary,Harley-Davidson,HOG,1.874391437,-0.1508809775,0.4070056081,-0.4615135193
Information Technology,Harris Corporation,HRS,-1.407900333,0.01905460097,1.398653388,-0.3424884081
Financials,Hartford Financial Svc.Gp.,HIG,3.417619467,0.6488543749,-0.08120834082,-0.8305392861
Consumer Discretionary,Hasbro Inc.,HAS,1.636951447,-0.874012053,-0.06158958003,-0.9871674776
Health Care,HCA Holdings,HCA,5.774405956,1.014998794,-0.9373706579,-1.574869633
Real Estate,HCP Inc.,HCP,-0.3538655937,0.05251551792,1.166104913,-0.2554140687
Energy,Helmerich & Payne,HP,-0.6483784318,-0.0642914027,1.245344639,-0.2616758943
Health Care,Henry Schein,HSIC,3.653273106,-0.7771484852,-0.9229162335,-1.496487498
Energy,Hess Corporation,HES,-0.0813395828,-0.697540164,1.059320092,-0.1916119158
Information Technology,Hewlett Packard Enterprise,HPE,-2.080486298,1.07483089,1.324723363,-0.7878262401
Consumer Discretionary,Hilton Worldwide Holdings Inc,HLT,-1.817716956,-0.3223883212,1.759237051,-0.04644543305
Health Care,Hologic,HOLX,-1.71396172,1.576322198,-0.3627969623,-2.688426495
Consumer Discretionary,Home Depot,HD,-1.880313039,-0.5869705081,2.096779346,0.3422902822
Industrials,Honeywell Int'l Inc.,HON,-0.7211337686,-0.336558789,1.28320694,-0.193240419
Consumer Staples,Hormel Foods Corp.,HRL,-0.08724222332,-1.83198595,1.723130941,0.6419557333
Real Estate,Host Hotels & Resorts,HST,0.7047928572,-2.628749371,1.168231845,0.3333005607
Information Technology,HP Inc.,HPQ,-0.729937911,-1.056208968,1.719103932,0.3592442274
Health Care,Humana Inc.,HUM,0.7093279958,-0.386708647,0.2468352616,-0.9199112654
Financials,Huntington Bancshares,HBAN,3.390617371,1.354562879,0.2013545185,-0.6235878468
Industrials,Huntington Ingalls Industries,HII,-0.7235307693,0.004344503861,0.8339074254,-0.7613632083
Health Care,IDEXX Laboratories,IDXX,4.356801033,-0.4137533009,-1.239500165,-1.780858636
Industrials,IHS Markit Ltd.,INFO,-0.1017116383,-0.2424405962,0.6888349056,-0.6852873564
Industrials,Illinois Tool Works,ITW,-1.308214188,0.7260835767,1.183596134,-0.6469637156
Health Care,Illumina Inc,ILMN,-1.562777758,1.189274549,-0.4113837481,-2.61695838
Health Care,Incyte,INCY,-1.246865869,0.3915056586,1.085908175,-0.6740868092
Industrials,Ingersoll-Rand PLC,IR,-0.3587398529,-0.04772602767,0.7206303477,-0.7477139831
Information Technology,Intel Corp.,INTC,-1.936310887,0.1109945551,1.184877396,-0.7631127238
Financials,Intercontinental Exchange,ICE,-1.263217688,-0.2474272102,1.394321918,-0.2667509615
Information Technology,International Business Machines,IBM,1.083851576,-1.95131588,1.326144457,0.5744490623
Materials,International Paper,IP,-1.443982244,-0.5413046479,1.779086113,0.1214436814
Consumer Discretionary,Interpublic Group,IPG,-2.060497522,0.4605844617,1.635349274,-0.3520657122
Materials,Intl Flavors & Fragrances,IFF,0.4075651467,-1.382727146,1.402139664,0.4050371051
Information Technology,Intuit Inc.,INTU,-1.267045259,4.01702404,0.6493051648,-1.808352828
Health Care,Intuitive Surgical Inc.,ISRG,2.925599813,-0.5756394863,-0.4795679152,-1.132478118
Financials,Invesco Ltd.,IVZ,0.6893328428,-0.09918045253,0.9007273912,-0.2294103652
Health Care,IQVIA Holdings Inc.,IQV,0.3392733037,-0.02771049552,0.6152874827,-0.6765921712
Real Estate,Iron Mountain Incorporated,IRM,2.884266615,0.6326697469,-0.07927890122,-0.9614208341
Industrials,J. B. Hunt Transport Services,JBHT,1.242642641,-0.5794829726,0.7991913557,-0.1423663497
Industrials,Jacobs Engineering Group,JEC,0.2051823735,-0.1564177722,0.5175714493,-0.7976068258
Consumer Staples,JM Smucker,SJM,-1.243219137,-0.4375922978,1.011772037,-0.6591003537
Health Care,Johnson & Johnson,JNJ,-1.252199054,-0.2855484188,1.319526076,-0.3595468104
Industrials,Johnson Controls International,JCI,1.771293879,-2.260552406,1.263415456,0.7255297899
Financials,JPMorgan Chase & Co.,JPM,0.8363814354,-0.3401089013,-0.1185939312,-1.332669616
Information Technology,Juniper Networks,JNPR,0.710475266,1.005278826,0.2914629281,-1.089906812
Industrials,Kansas City Southern,KSU,1.008788347,0.2225922048,0.4344587326,-0.7180566788
Consumer Staples,Kellogg Co.,K,-1.689661145,-0.2214923203,1.65042007,-0.1194145158
Financials,KeyCorp,KEY,-0.2602286637,-0.3534443676,0.9748386741,-0.4082631469
Consumer Staples,Kimberly-Clark,KMB,0.8283190131,0.1119270623,0.1040839702,-1.143354297
Real Estate,Kimco Realty,KIM,0.01557740755,-0.4745950699,0.8688158989,-0.4156806171
Energy,Kinder Morgan,KMI,-1.837604761,3.148470879,1.1116395,-1.280812025
Information Technology,KLA-Tencor Corp.,KLAC,-0.7648522854,-0.2822824419,1.076950669,-0.455302
Consumer Discretionary,Kohl's Corp.,KSS,1.045493126,0.1509217918,0.2660132647,-0.8908049464
Consumer Staples,Kraft Heinz Co,KHC,0.1704723388,0.2731723785,0.3852522075,-1.020589232
Consumer Staples,Kroger Co.,KR,0.3673004806,0.2049768567,0.3317790329,-1.006147981
Consumer Discretionary,L Brands Inc.,LB,-0.8268715143,1.320251465,-0.4956080914,-2.503943682
Industrials,L-3 Communications Holdings,LLL,-0.7905243039,-0.2392562479,1.379933953,-0.1173497811
Health Care,Laboratory Corp. of America Holding,LH,-2.029123068,0.5129903555,1.678638697,-0.3265725672
Information Technology,Lam Research,LRCX,1.270128965,-2.403988123,1.209699869,0.5190116763
Consumer Discretionary,Leggett & Platt,LEG,-0.8217867017,-0.4320893586,1.34317708,-0.1601272672
Consumer Discretionary,Lennar Corp.,LEN,-1.233172774,-0.1217204854,1.414756775,-0.2341924161
Financials,Leucadia National Corp.,LUK,-0.04992326349,-1.602002621,1.712329149,0.6111379266
Health Care,Lilly (Eli) & Co.,LLY,-0.0201196596,-0.7905880809,1.707927227,0.5321304798
Financials,Lincoln National,LNC,-1.871733785,0.8217822313,-0.5205192566,-2.854419947
Consumer Discretionary,LKQ Corporation,LKQ,2.105419159,-0.5675054193,-0.2799107432,-1.142062426
Industrials,Lockheed Martin Corp.,LMT,-1.302289486,-0.004641972017,1.312982917,-0.3834548295
Financials,Loews Corp.,L,0.350440681,-1.718338966,1.634289742,0.6471959352
Consumer Discretionary,Lowe's Cos.,LOW,-1.568058968,-0.2109283358,1.284664154,-0.4925090671
Materials,LyondellBasell,LYB,-1.158095598,-1.716122746,1.644870996,0.2235051841
Financials,M&T Bank Corp.,MTB,-1.31210041,0.9083835483,-0.4930444658,-2.589256048
Real Estate,Macerich,MAC,-1.88887167,0.8649576902,-0.4151390195,-2.710200787
Consumer Discretionary,Macy's Inc.,M,-1.093914032,-0.04644082487,1.269009113,-0.3684040606
Energy,Marathon Oil Corp.,MRO,1.506342769,-0.8038644791,0.5908839107,-0.2718727887
Energy,Marathon Petroleum,MPC,-0.9254520535,1.104545832,-0.7893195152,-2.847960234
Consumer Discretionary,Marriott Int'l.,MAR,0.2121651769,0.005018069409,0.6842021346,-0.619684875
Financials,Marsh & McLennan,MMC,-0.5796267986,-0.4833169878,1.274165988,-0.1547214389
Materials,Martin Marietta Materials,MLM,-0.102375403,-0.3369613886,1.081919432,-0.2222034782
Industrials,Masco Corp.,MAS,-1.132211924,-0.7738934159,1.93324542,0.4277089238
Information Technology,Mastercard Inc.,MA,-1.042945504,0.1746937186,1.043417215,-0.6466386914
Consumer Discretionary,Mattel Inc.,MAT,-0.6644920707,-0.6051253676,1.538088441,0.1295688599
Consumer Staples,McCormick & Co.,MKC,3.198518753,-1.037347913,-1.254225731,-1.940162301
Consumer Discretionary,McDonald's Corp.,MCD,-0.200327158,-0.9077296853,1.237696409,-0.02357816882
Health Care,McKesson Corp.,MCK,-0.3898887932,0.1742818207,0.8933548927,-0.5977327824
Health Care,Medtronic plc,MDT,0.322096169,0.8213888407,1.507033944,0.2060334682
Health Care,Merck & Co.,MRK,3.880499601,1.215596795,-0.01404077932,-0.7848680615
Financials,MetLife Inc.,MET,-0.7740955949,-1.648652911,1.944746375,0.6514818668
Health Care,Mettler Toledo,MTD,-0.3059889972,-0.2275899053,0.6286579967,-0.8133698106
Consumer Discretionary,MGM Resorts International,MGM,-0.4190152884,-1.106866121,1.470766902,0.1955561489
Consumer Discretionary,Michael Kors Holdings,KORS,-0.7019979954,-0.5902668238,1.331395268,-0.119970724
Information Technology,Microchip Technology,MCHP,-1.822510362,4.173969746,1.255764484,-1.334264755
Information Technology,Micron Technology,MU,-1.703570843,-0.02307036519,1.356903791,-0.470900625
Information Technology,Microsoft Corp.,MSFT,-0.1195952147,-0.2982769608,0.6419644952,-0.7372630835
Real Estate,Mid-America Apartments,MAA,-1.33082962,0.6950032115,0.8526816368,-1.039235473
Consumer Discretionary,Mohawk Industries,MHK,-0.2971359193,-0.5067847371,0.7644689679,-0.6286587119
Consumer Staples,Molson Coors Brewing Company,TAP,-0.5121414065,-0.4980437756,1.092896938,-0.323399514
Consumer Staples,Mondelez International,MDLZ,3.501408577,-0.6616942286,-0.9811496735,-1.623399615
Materials,Monsanto Co.,MON,-1.912994385,0.9068050385,-0.2797683179,-2.527594805
Consumer Staples,Monster Beverage,MNST,-1.333524823,-0.7106244564,1.294177294,-0.35435462
Financials,Moody's Corp,MCO,4.513588905,0.9672341943,-0.1621320248,-0.6970105171
Financials,Morgan Stanley,MS,3.947432756,1.382830858,-0.3891032934,-1.187114477
Information Technology,Motorola Solutions Inc.,MSI,1.047851205,-2.450669765,1.36904788,0.6381543279
Health Care,Mylan N.V.,MYL,-1.133928418,0.9202741385,0.9981485009,-0.8319544196
Financials,"Nasdaq, Inc.",NDAQ,-1.729215503,2.682323933,1.293060422,-0.9713532329
Energy,National Oilwell Varco Inc.,NOV,0.6756702662,0.2299519926,0.3366727829,-0.9028165936
Financials,Navient,NAVI,-1.395876288,-0.04156767949,1.433525443,-0.2801145017
Information Technology,NetApp,NTAP,-1.102762818,0.01171130873,0.8433944583,-0.860185504
Information Technology,Netflix Inc.,NFLX,-0.6909865141,-0.4192887247,1.180262685,-0.3051565886
Consumer Discretionary,Newell Brands,NWL,0.3377542198,-0.3312526643,1.124852419,-0.06497769058
Energy,Newfield Exploration Co,NFX,0.2214046568,-1.823527455,1.759170771,0.7587515712
Materials,Newmont Mining Corporation,NEM,0.8956451416,-2.366234541,1.298431277,0.5074614286
Consumer Discretionary,News Corp. Class A,NWSA,4.76540184,1.497890115,-0.7102766633,-1.453517795
Consumer Discretionary,News Corp. Class B,NWS,-1.177116156,-0.1733957529,1.246248007,-0.4090408981
Utilities,NextEra Energy,NEE,-0.7643733025,-0.4722667038,1.222609878,-0.2569046617
Industrials,Nielsen Holdings,NLSN,-1.751007318,1.567919254,-0.1871554255,-2.496175051
Consumer Discretionary,Nike,NKE,-1.578159332,-0.4148878157,1.794023752,0.08897483349
Utilities,NiSource Inc.,NI,0.07144033909,-0.3566895723,1.294074655,0.05272107571
Energy,Noble Energy Inc,NBL,0.3287951946,-0.4926254153,0.3218468428,-0.9442895055
Consumer Discretionary,Nordstrom,JWN,-0.4510983229,-0.2403310984,1.315093517,-0.09666465223
Industrials,Norfolk Southern Corp.,NSC,-0.1487818062,-0.02998254821,1.267241359,-0.08714152873
Financials,Northern Trust Corp.,NTRS,-0.5234398246,-0.1881600916,0.6113048196,-0.9161137342
Industrials,Northrop Grumman Corp.,NOC,-0.622669518,-0.02222596854,1.5627774,0.09459231049
Consumer Discretionary,Norwegian Cruise Line,NCLH,-1.662284493,1.27661252,-0.4776007533,-2.754514694
Utilities,NRG Energy,NRG,-0.7285109162,-0.5291389227,1.026433229,-0.4551556706
Materials,Nucor Corp.,NUE,0.1143449172,-0.3179579377,0.583447814,-0.7472841144
Information Technology,Nvidia Corporation,NVDA,-1.758349895,0.2150636613,1.504325867,-0.3675754368
Consumer Discretionary,O'Reilly Automotive,ORLY,1.295069337,-0.7046703696,0.4560462534,-0.491701901
Energy,Occidental Petroleum,OXY,-1.849809408,0.5453752279,-0.1271967739,-2.283941507
Consumer Discretionary,Omnicom Group,OMC,-1.162857056,0.4566803277,-0.1301195174,-2.050045252
Energy,ONEOK,OKE,0.4061617851,-0.5683757067,1.295131326,0.1803311408
Information Technology,Oracle Corp.,ORCL,-0.4674410522,-1.530733943,1.613994718,0.3789301515
Industrials,PACCAR Inc.,PCAR,0.06907027215,-0.3420790434,0.5746620893,-0.7478576303
Materials,Packaging Corporation of America,PKG,-1.252950788,-0.1441748142,1.575804234,-0.07819256186
Industrials,Parker-Hannifin,PH,1.954023004,-0.3632215858,0.8190844655,0.03532207012
Health Care,Patterson Companies,PDCO,-2.062947989,0.8953345418,1.122056723,-0.9907765388
Information Technology,Paychex Inc.,PAYX,0.02809672803,-0.037719924,0.7849718332,-0.5678237677
Information Technology,PayPal,PYPL,-0.7175291777,-0.6768547893,1.469501019,0.02946603298
Industrials,Pentair Ltd.,PNR,0.6820417047,-0.517603457,0.977653265,-0.09717917442
Financials,People's United Financial,PBCT,-0.8959403038,0.2344472408,1.580225587,-0.005847028457
Consumer Staples,PepsiCo Inc.,PEP,-0.7607375383,-0.392539978,1.517740846,0.036438182
Health Care,PerkinElmer,PKI,2.51533246,-0.668110311,-0.3730814457,-1.122514725
Health Care,Perrigo,PRGO,-2.126316786,-0.1553768069,1.656653762,-0.2722319365
Health Care,Pfizer Inc.,PFE,0.8403940797,-0.245217979,0.8211098313,-0.2394151092
Utilities,PG&E Corp.,PCG,-1.585002422,0.05870912969,1.185634136,-0.623994112
Consumer Staples,Philip Morris International,PM,-0.6090717912,-0.1284901649,0.9245316982,-0.5755455494
Energy,Phillips 66,PSX,0.1615158767,-0.8063035011,0.6282861233,-0.6205317974
Utilities,Pinnacle West Capital,PNW,2.792489529,0.5151993036,0.5332861543,-0.2436982989
Energy,Pioneer Natural Resources,PXD,-1.045429111,1.363861918,-0.7546554804,-2.891556501
Financials,PNC Financial Services,PNC,1.256860971,-0.2455491424,0.4582640529,-0.5538903475
Consumer Discretionary,Polo Ralph Lauren Corp.,RL,1.341390491,-0.7779750228,0.294300288,-0.6477129459
Materials,PPG Industries,PPG,0.5678264499,-0.3299053609,-0.06398545206,-1.329467535
Utilities,PPL Corp.,PPL,1.272833943,-0.6263600588,0.1474566013,-0.8438485265
Materials,Praxair Inc.,PX,-2.168655872,0.1092405543,1.570535898,-0.4189967513
Consumer Discretionary,Priceline.com Inc,PCLN,0.9830699563,-0.596698463,0.4962958097,-0.5556164384
Financials,Principal Financial Group,PFG,-0.6664176583,0.02722617052,1.150037885,-0.3800573945
Consumer Staples,Procter & Gamble,PG,1.716450095,-0.688962698,-0.07417016476,-0.9633447528
Financials,Progressive Corp.,PGR,3.775971413,1.184646606,0.2232590169,-0.5137800574
Real Estate,Prologis,PLD,1.612855434,-0.1004767939,0.3007298708,-0.6722428203
Financials,Prudential Financial,PRU,1.328846335,-0.9178553224,-0.04503703862,-1.016268969
Utilities,Public Serv. Enterprise Inc.,PEG,1.10023725,-2.256246567,0.9964902401,0.2281658649
Real Estate,Public Storage,PSA,-2.081110954,1.028098941,-0.4920041859,-2.879563808
Consumer Discretionary,Pulte Homes Inc.,PHM,0.6758118868,-0.8239892125,0.5544273853,-0.520849824
Consumer Discretionary,PVH Corp.,PVH,1.066540956,-1.0790627,0.1120411828,-0.8836414814
Information Technology,Qorvo,QRVO,-1.61034596,0.7776382565,-0.5210360289,-2.715035677
Information Technology,QUALCOMM Inc.,QCOM,1.410826564,0.6342820525,1.086820602,0.05589337274
Industrials,Quanta Services Inc.,PWR,-1.857371926,0.9118208885,-0.06128046662,-2.277242184
Health Care,Quest Diagnostics,DGX,-0.6540718675,-0.8286889791,1.455975652,0.08815848827
Energy,Range Resources Corp.,RRC,3.000992298,0.7456230521,0.2186564803,-0.596188724
Financials,Raymond James Financial Inc.,RJF,3.505235434,-0.9992533922,-0.06232003868,-0.5159785748
Industrials,Raytheon Co.,RTN,0.06439206004,-0.5794821978,0.8583889008,-0.4047551751
Real Estate,Realty Income Corporation,O,-1.319517255,-0.2761876285,1.574137807,-0.07127038389
Information Technology,Red Hat Inc.,RHT,-1.464537859,-0.7578881383,1.382080078,-0.2673190832
Real Estate,Regency Centers Corporation,REG,1.215972304,-0.6240112185,0.9965379834,0.09278449416
Health Care,Regeneron,REGN,-0.8682300448,-0.6223871708,1.140286565,-0.3930499852
Financials,Regions Financial Corp.,RF,0.3685505986,0.3298221827,0.5290690064,-0.8129689693
Industrials,Republic Services Inc,RSG,1.945858598,-0.9739128947,-0.2546883225,-1.127738595
Health Care,ResMed,RMD,2.930160284,0.4981884956,0.3297738731,-0.4175968468
Industrials,Robert Half International,RHI,0.9027567506,-0.6751167774,0.9964197874,0.001543937251
Industrials,Rockwell Automation Inc.,ROK,-0.7885469794,-0.286605835,1.217204452,-0.3046553433
Industrials,Rockwell Collins,COL,0.5429611206,-0.6586291194,0.4594653845,-0.7092245817
Industrials,Roper Technologies,ROP,1.611485839,0.02309760824,-0.01029834524,-1.041983247
Consumer Discretionary,Ross Stores,ROST,-1.634609818,0.870721817,0.07415949553,-2.042745829
Consumer Discretionary,Royal Caribbean Cruises Ltd,RCL,-0.7627126575,-0.8477029204,1.200649977,-0.2604953051
Financials,"S&P Global, Inc.",SPGI,3.808691978,1.077403665,0.2855532169,-0.3803559542
Information Technology,Salesforce.com,CRM,2.464410305,-0.1358571351,-0.2499845624,-1.06840682
Real Estate,SBA Communications,SBAC,0.07544293255,-0.2518725991,0.3848043084,-0.9753565788
Utilities,SCANA Corp,SCG,-1.770325184,0.9424889088,-0.001928129233,-2.201964378
Energy,Schlumberger Ltd.,SLB,4.808845997,1.314024925,0.07092364132,-0.6113148332
Consumer Discretionary,Scripps Networks Interactive Inc.,SNI,1.367705107,-0.2188533396,-0.2035578042,-1.29720962
Information Technology,Seagate Technology,STX,1.585347533,-0.292232573,-0.04332345724,-1.044277787
Materials,Sealed Air,SEE,1.468661785,-0.6494911909,0.3416876197,-0.5975509286
Utilities,Sempra Energy,SRE,0.3933788836,-0.522561729,0.9065285921,-0.2721362412
Materials,Sherwin-Williams,SHW,-1.167586684,-0.07509963214,1.540862799,-0.1032644138
Consumer Discretionary,Signet Jewelers,SIG,-2.113571882,-0.05256344378,2.323293686,0.4523515701
Real Estate,Simon Property Group Inc,SPG,0.4061773717,-0.6221591234,0.6499050856,-0.5467028618
Information Technology,Skyworks Solutions,SWKS,2.023698807,-0.3706852496,-0.3233141899,-1.238029599
Real Estate,SL Green Realty,SLG,0.21326904,-2.024196625,1.653337121,0.6520062089
Consumer Discretionary,Snap-On Inc.,SNA,-1.351300716,-0.1232826486,1.596733212,-0.08570866287
Utilities,Southern Co.,SO,-1.82389915,-0.5791913271,2.04500556,0.3065516353
Industrials,Southwest Airlines,LUV,0.7195939422,-0.2523896694,0.3736651838,-0.8019371629
Consumer Discretionary,Stanley Black & Decker,SWK,1.042558432,-1.238711119,0.9442527294,0.05675127357
Consumer Discretionary,Starbucks Corp.,SBUX,0.5898215771,-0.5504311323,0.68652004,-0.464961201
Financials,State Street Corp.,STT,0.3476487398,-0.8823056817,0.5178248286,-0.6579009295
Industrials,Stericycle Inc,SRCL,1.395383954,-0.3009118736,0.2308854312,-0.7651811838
Health Care,Stryker Corp.,SYK,0.1565365791,-0.6976189613,0.9330283999,-0.2791206241
Financials,SunTrust Banks,STI,-0.202514261,-1.864735007,1.591184735,0.4580717385
Information Technology,Symantec Corp.,SYMC,2.195367098,-0.8676280975,-0.5929154158,-1.430662274
Financials,Synchrony Financial,SYF,1.019284606,-0.195186168,0.6119415164,-0.465475291
Information Technology,Synopsys Inc.,SNPS,0.3700790107,-1.201023579,0.6822540164,-0.4469213486
Consumer Staples,Sysco Corp.,SYY,1.398248196,-0.4116381109,0.1355548799,-0.8681092262
Financials,T. Rowe Price Group,TROW,0.3188422918,-0.2837303281,0.3287250102,-0.9649624228
Consumer Discretionary,"Tapestry, Inc.",TPR,-0.2341239303,-0.4520050287,0.4131925404,-1.02505374
Consumer Discretionary,Target Corp.,TGT,0.8819582462,-1.002757788,0.4196581542,-0.6196734905
Information Technology,TE Connectivity Ltd.,TEL,-0.1012293547,-0.03684459999,0.5439427495,-0.8836417198
Energy,TechnipFMC,FTI,1.272651196,-0.1708531529,0.1341804564,-0.9479157329
Information Technology,Texas Instruments,TXN,1.140792966,-0.965678215,0.6006076336,-0.3306194842
Industrials,Textron Inc.,TXT,1.866253257,-0.2598569989,0.9529028535,0.1455261707
Financials,The Bank of New York Mellon Corp.,BK,0.08142146468,-0.6168875694,0.394452095,-0.9176131487
Consumer Staples,The Clorox Company,CLX,-1.405281305,1.202476978,0.8353384137,-1.116571188
Health Care,The Cooper Companies,COO,0.3452233672,-0.6373606324,0.3082061112,-0.9356078506
Consumer Staples,The Hershey Company,HSY,-1.156737208,1.260916829,-0.4741618037,-2.570962191
Materials,The Mosaic Company,MOS,-1.082303286,-0.08378350735,1.224630237,-0.429913044
Financials,The Travelers Companies Inc.,TRV,0.7975921631,0.01049958635,0.4996129274,-0.6767386794
Consumer Discretionary,The Walt Disney Company,DIS,2.671110392,-0.6723473072,-0.0488004759,-0.7444854379
Health Care,Thermo Fisher Scientific,TMO,0.3808995187,-0.3814022839,0.6649056673,-0.5794324875
Consumer Discretionary,Tiffany & Co.,TIF,4.047446728,1.185694814,0.1659453064,-0.582408011
Consumer Discretionary,Time Warner Inc.,TWX,0.907643497,-0.2157862335,0.2106726766,-0.9286161661
Consumer Discretionary,TJX Companies Inc.,TJX,2.993792295,-1.58888495,-1.19441545,-1.831021786
Financials,Torchmark Corp.,TMK,0.847886622,-0.8370799422,0.07407531142,-1.034490347
Information Technology,Total System Services,TSS,2.058601141,-0.4233109653,-0.2092480212,-1.066393733
Consumer Discretionary,Tractor Supply Company,TSCO,-1.309274316,0.6825384498,0.5556463599,-1.348307967
Industrials,TransDigm Group,TDG,-2.450180292,0.918423593,1.191015244,-1.048814178
Consumer Discretionary,TripAdvisor,TRIP,4.375810146,-0.5646540523,-1.464242816,-2.030646801
Consumer Discretionary,Twenty-First Century Fox Class A,FOXA,2.639005423,-0.9607689977,0.1540556848,-0.4981401265
Consumer Discretionary,Twenty-First Century Fox Class B,FOX,1.566799164,0.6311554909,0.2149025649,-0.8765183091
Consumer Staples,Tyson Foods,TSN,1.281803012,-0.3904393911,0.1774069965,-0.8602308631
Financials,U.S. Bancorp,USB,0.5788877606,-0.4863298237,0.9188151956,-0.1979991049
Real Estate,UDR Inc,UDR,1.638804674,-0.6785496473,0.5323607326,-0.3373745382
Consumer Discretionary,Ulta Salon Cosmetics & Fragrance Inc,ULTA,0.0792613551,-0.7599244714,1.260900021,0.06490776688
Consumer Discretionary,Under Armour Class A,UAA,0.3688759506,-0.7207173109,0.4866528809,-0.7204582691
Consumer Discretionary,Under Armour Class C,UA,0.1435476989,-0.5309732556,0.8656690121,-0.3843332231
Industrials,Union Pacific,UNP,0.4664563239,-1.347003818,0.9165740013,-0.1525219977
Industrials,United Continental Holdings,UAL,0.06185746565,0.4380378425,-0.05610832945,-1.562745571
Health Care,United Health Group Inc.,UNH,0.3084335327,-0.2098989636,0.2809276879,-1.048039317
Industrials,United Parcel Service,UPS,3.313294888,0.1195532158,-0.4526656568,-1.146093249
Industrials,"United Rentals, Inc.",URI,3.409694672,1.200820446,0.5931521058,-0.1031413451
Industrials,United Technologies,UTX,2.719465017,-0.1124175563,-0.5402755141,-1.392592669
Health Care,"Universal Health Services, Inc.",UHS,0.02254756726,-0.6788974404,1.335202694,0.1548091769
Financials,Unum Group,UNM,-0.5420117974,-0.04425188527,1.101648688,-0.3882190883
Consumer Discretionary,V.F. Corp.,VFC,-0.2323474586,-0.04967576638,0.7037312984,-0.7286035419
Energy,Valero Energy,VLO,4.160615921,0.9442401528,0.1262868941,-0.4471801519
Health Care,Varian Medical Systems,VAR,-1.030297399,-0.3924239576,1.428741097,-0.1325277239
Real Estate,Ventas Inc,VTR,3.506557941,-0.2428487241,-0.6612870693,-1.291627407
Information Technology,Verisign Inc.,VRSN,3.884255409,1.167427659,-0.09649953246,-0.7845245004
Industrials,Verisk Analytics,VRSK,2.551368952,-0.5747044683,-0.1401482522,-0.845913887
Telecommunication Services,Verizon Communications,VZ,0.3635908067,-0.01718296297,0.2406849712,-1.11512208
Health Care,Vertex Pharmaceuticals Inc,VRTX,-1.666387796,1.146901965,-0.2980971634,-2.521653414
Consumer Discretionary,Viacom Inc.,VIAB,0.7537608147,0.01559034083,0.3515768647,-0.8493332267
Information Technology,Visa Inc.,V,1.705225945,0.6427143216,-0.2963091135,-1.423020601
Real Estate,Vornado Realty Trust,VNO,0.9697961211,-0.1124632061,0.4693422318,-0.6263645887
Materials,Vulcan Materials,VMC,0.5439997315,-0.695951283,0.3777650893,-0.7923439741
Consumer Staples,Wal-Mart Stores,WMT,1.292762637,-0.4887374938,0.1656295806,-0.8639367819
Consumer Staples,Walgreens Boots Alliance,WBA,1.507190704,-0.8249416351,0.4651164114,-0.3962559104
Industrials,Waste Management Inc.,WM,-0.1883551031,-0.5068430305,0.7835117579,-0.559800446
Health Care,Waters Corporation,WAT,-0.745233357,-1.274702907,0.84920156,-0.5837681293
Utilities,Wec Energy Group Inc,WEC,2.480204344,-0.7687321901,0.1734633595,-0.534948349
Financials,Wells Fargo,WFC,0.02127387933,0.2591671348,0.6764002442,-0.7314825654
Real Estate,Welltower Inc.,HCN,0.808694005,-1.167882919,0.6128437519,-0.410228163
Information Technology,Western Digital,WDC,1.479498267,-2.170402527,1.052912235,0.368588239
Information Technology,Western Union Co,WU,2.87806201,-0.6245114803,-0.2993275523,-1.009983659
Materials,WestRock Company,WRK,2.135466814,-0.1426852942,0.0654938966,-0.7773218155
Real Estate,Weyerhaeuser Corp.,WY,0.9017532468,-0.2957417667,0.2542410791,-0.8766064644
Consumer Discretionary,Whirlpool Corp.,WHR,-0.9739032388,0.3131621778,1.005470037,-0.6914280653
Energy,Williams Cos.,WMB,2.08659029,-0.346179992,-0.2782025337,-1.157209992
Financials,Willis Towers Watson,WLTW,1.276426435,-0.3597255945,0.5995192528,-0.3774057627
Consumer Discretionary,Wyndham Worldwide,WYN,1.056011915,-0.03160888329,-0.005732118618,-1.19577229
Consumer Discretionary,Wynn Resorts Ltd,WYNN,-0.9116461873,-0.01990867779,1.189997911,-0.3908854425
Utilities,Xcel Energy Inc,XEL,2.941919327,-0.1468642056,-0.3376044333,-1.107517004
Information Technology,Xerox Corp.,XRX,0.05689015612,-0.0898109749,0.8890216351,-0.3984006941
Information Technology,Xilinx Inc,XLNX,1.863028526,-0.1564792842,-0.2916454077,-1.289926887
Financials,XL Capital,XL,-0.1158167422,-0.1069889963,0.795787394,-0.5800547004
Industrials,Xylem Inc.,XYL,-0.02901000157,-0.02540407144,0.6652444005,-0.6904166341
Consumer Discretionary,Yum! Brands Inc,YUM,1.948260427,0.01827318035,0.09712327272,-0.9076075554
Health Care,Zimmer Biomet Holdings,ZBH,0.9655191302,-0.1719598025,0.4513438046,-0.661421001
Financials,Zions Bancorp,ZION,0.3071025014,-0.2297615558,0.719428122,-0.5654020905
Health Care,Zoetis,ZTS,0.4004479349,-0.2329349965,0.6370436549,-0.6674464345